EVENT_ID,utc_ts,lat,lon,sun_alt_pipe,sun_alt_ind,sun_alt_ind_floor10,moon_alt_pipe,moon_alt_ind,moon_alt_ind_floor10,moon_illum_pipe,moon_illum_ind,d_sun,d_sun_floor10,d_moon,d_moon_floor10,d_illum
E0071258,2009-10-10 00:45:00+00:00,34.22573,-77.94471,-24.557785034179688,-25.583447166448245,-24.56303640800218,-18.25088882446289,-18.550224295602753,-19.173979845056824,0.6502973437309265,0.6511187494060613,1.0256621322685575,0.005251373822492411,0.29933547113986236,0.9230910205939331,-0.0008214056751347787
E0057292,1999-02-11 02:15:00+00:00,34.7304,-86.58594,-34.495975494384766,-35.515209252229354,-34.49608593510532,-72.61077117919922,-72.48552451864046,-72.8778496794282,0.26286447048187256,0.26364079256875594,1.0192337578445887,0.0001104407205545499,-0.12524666055875855,0.26707850022897617,-0.0007763220868833853
E0038133,2012-08-13 03:30:00+00:00,37.45172,-89.26814,-26.921993255615234,-26.926374370299772,-26.926374370299772,-28.951766967773438,-29.741979839641388,-29.741979839641388,0.20142772793769836,0.20229445801209067,0.004381114684537835,0.004381114684537835,0.7902128718679506,0.7902128718679506,-0.0008667300743923079
E0000575,2014-04-12 07:50:00+00:00,50.66648,-120.3192,-30.583187103271484,-30.585353801687667,-30.585353801687667,34.701168060302734,33.93945215417585,33.93945215417585,0.9078976511955261,0.908287205704103,0.0021666984161825553,0.0021666984161825553,0.7617159061268879,0.7617159061268879,-0.000389554508576917
E0045502,2015-05-24 04:50:00+00:00,42.1103,-88.03424,-25.728313446044922,-25.73056300984963,-25.73056300984963,9.035477638244629,8.131132247592932,8.131132247592932,0.3561619520187378,0.35733934612299767,0.0022495638047068667,0.0022495638047068667,0.904345390651697,0.904345390651697,-0.0011773941042598768
E0025528,1985-07-15 11:15:00+00:00,38.00347,-79.15586,10.699273109436035,11.627616215188574,10.694788368139704,38.431434631347656,38.65635418542092,37.698280623112424,0.06795601546764374,0.06811567182262607,-0.9283431057525391,0.0044847412963306965,-0.22491955407326714,0.7331540082352319,-0.00015965635498232933
E0087087,2005-12-18 02:30:00+00:00,30.33218,-81.65565,-51.00699996948242,-51.00799486711297,-51.00799486711297,25.670886993408203,24.842553086288756,24.842553086288756,0.9408624768257141,0.9412080320973066,0.0009948976305480528,0.0009948976305480528,0.8283339071194469,0.8283339071194469,-0.00034555527159252364
E0077789,2010-09-18 08:00:00+00:00,38.25863,-94.33051,-42.72504425048828,-42.72464564495931,-42.72464564495931,-4.33438777923584,-5.241139074504973,-5.241139074504973,0.7859150171279907,0.7867507015946746,-0.00039860552897152957,-0.00039860552897152957,0.9067512952691335,0.9067512952691335,-0.0008356844666839169
E0037640,2014-09-20 03:10:00+00:00,33.6835,-78.99837,-45.240299224853516,-45.24299201901392,-45.24299201901392,-41.728702545166016,-42.391008151280886,-42.391008151280886,0.14913995563983917,0.14983804368435827,0.0026927941604029115,0.0026927941604029115,0.6623056061148702,0.6623056061148702,-0.0006980880445190962
E0054785,2004-06-15 09:00:00+00:00,28.36445,-82.69343,-17.89518165588379,-17.899323871297977,-17.899323871297977,2.663555383682251,1.7594332750222035,1.7594332750222035,0.05437503382563591,0.054652248391395375,0.004142215414187689,0.004142215414187689,0.9041221086600475,0.9041221086600475,-0.0002772145657594649
E0001640,1995-08-23 04:30:00+00:00,33.44838,-112.07404,-27.657716751098633,-27.66151165147198,-27.66151165147198,-39.57296371459961,-40.26642781842314,-40.26642781842314,0.0897054448723793,0.09014483385233835,0.0037949003733466213,0.0037949003733466213,0.6934641038235299,0.6934641038235299,-0.00043938897995904336
E0064729,2014-02-07 08:00:00+00:00,34.1975,-119.17705,-70.93756103515625,-70.93868365068383,-70.93868365068383,13.024746894836426,12.11774046075424,12.11774046075424,0.5524759888648987,0.5537421205649744,0.0011226155275778638,0.0011226155275778638,0.9070064340821862,0.9070064340821862,-0.0012661317000757233
E0001878,1995-02-22 03:00:00+00:00,47.82093,-122.31513,-13.900152206420898,-13.904622009607305,-13.904622009607305,-56.48396682739258,-57.01662642708188,-57.01662642708188,0.5477916598320007,0.5490852547560773,0.004469803186406551,0.004469803186406551,0.5326595996893033,0.5326595996893033,-0.0012935949240765465
E0086065,2009-01-31 02:04:00+00:00,29.88327,-97.94139,-24.46596908569336,-25.332441456366926,-24.471401115913146,29.893226623535156,28.240449941434854,29.066543480369152,0.2095557451248169,0.21064728145339257,0.8664723706735664,0.005432030219786554,1.6527766821003027,0.8266831431660044,-0.0010915363285756707
E0001109,2002-05-08 04:23:00+00:00,49.8844,-97.14704,-17.61882209777832,-17.868138251645412,-17.619594294300608,-43.72679138183594,-44.22527056641262,-44.36873715339817,0.16306591033935547,0.1636660596031752,0.24931615386709183,0.0007721965222877714,0.4984791845766807,0.6419457715622343,-0.0006001492638197381
E0029107,2015-01-18 08:00:00+00:00,20.76462,-156.44578,-53.59153747558594,-53.59434670362193,-53.59434670362193,-83.51289367675781,-83.62316303217682,-83.62316303217682,0.06990756094455719,0.07023895998708485,0.002809228035992817,0.002809228035992817,0.11026935541900684,0.11026935541900684,-0.00033139904252765806
E0038977,2004-10-06 00:00:00+00:00,40.65483,-73.6718,-17.95403289794922,-17.954491352518808,-17.954491352518808,-18.458593368530273,-19.310118614004917,-19.310118614004917,0.5401656627655029,0.5415622497605188,0.00045845456958915065,0.00045845456958915065,0.8515252454746438,0.8515252454746438,-0.0013965869950158805
E0067693,2001-10-21 19:00:00+00:00,44.93663,-93.66607,32.475257873535156,32.474219924817945,32.474219924817945,7.342548370361328,6.4105323985753975,6.4105323985753975,0.2774753272533417,0.2785030218255453,0.0010379487172116342,0.0010379487172116342,0.9320159717859307,0.9320159717859307,-0.0010276945722036412
E0003731,2008-01-27 20:30:00+00:00,29.726,-84.9856,28.70015525817871,28.696492078835167,28.696492078835167,-61.16705322265625,-61.603874325932225,-61.603874325932225,0.7185233235359192,0.7196773217320701,0.0036631793435439874,0.0036631793435439874,0.43682110327597456,0.43682110327597456,-0.0011539981961509183
E0029880,2014-01-19 03:45:00+00:00,33.44838,-112.07404,-35.88394546508789,-36.930214496404204,-35.888321211985094,3.640627384185791,3.740631776224548,2.7390285408066193,0.9220063090324402,0.9222732681856295,1.0462690313163137,0.004375746897203214,-0.10000439203875677,0.9015988433791717,-0.00026695915318930563
E0060343,2014-06-20 05:00:00+00:00,40.13785,-79.8981,-26.242774963378906,-26.24506492000702,-26.24506492000702,-5.18883752822876,-6.15249221934129,-6.15249221934129,0.4519772231578827,0.4532464639940913,0.002289956628114709,0.002289956628114709,0.9636546911125299,0.9636546911125299,-0.0012692408362086072
E0021132,1995-09-20 23:30:00+00:00,44.51916,-88.01983,3.448183298110962,3.444254111015921,3.444254111015921,-17.468158721923828,-18.34288261643208,-18.34288261643208,0.14546409249305725,0.14613204748393915,0.003929187095041087,0.003929187095041087,0.8747238945082536,0.8747238945082536,-0.0006679549908819027
E0045668,2015-03-16 03:20:00+00:00,39.32796,-120.18325,-14.770683288574219,-14.773820294347127,-14.773820294347127,-63.76988220214844,-64.19845135176867,-64.19845135176867,0.24602431058883667,0.24696617806443083,0.003137005772908097,0.003137005772908097,0.4285691496202304,0.4285691496202304,-0.0009418674755941603
E0093200,2011-09-15 02:54:00+00:00,33.04171,-116.86808,-12.179720878601074,-13.005406060461342,-12.18565829085486,-0.8262113332748413,-0.9297222476226961,-1.7213969324118679,0.9323295950889587,0.9325851370602619,0.8256851818602673,0.0059374122537860785,0.10351091434785475,0.8951855991370266,-0.0002555419713031748
E0071755,2006-09-29 10:35:00+00:00,29.76328,-95.36327,-23.19977569580078,-22.1360085225901,-23.20176914134065,-78.81063079833984,-80.0163731149454,-78.9904054333779,0.39329689741134644,0.39484863583080787,-1.0637671732106817,0.0019934455398704642,1.2057423166055514,0.1797746350380578,-0.0015517384194614348
E0023993,2005-09-22 05:23:00+00:00,30.62798,-96.33441,-56.15282440185547,-56.438871965511645,-56.15376396338765,31.49167823791504,31.295039288676715,30.66970671663068,0.7916240692138672,0.7923461243276713,0.2860475636561759,0.0009395615321778905,0.1966389492383236,0.8219715212843575,-0.0007220551138040765
E0072369,2001-12-11 01:45:00+00:00,33.87224,-117.87034,-11.680800437927246,-12.65684663199514,-11.679686933346709,-42.02613067626953,-43.66360203137945,-42.738730487962556,0.16390305757522583,0.16432302379367142,0.9760461940678944,-0.0011135045805374943,1.6374713551099163,0.7125998116930248,-0.0004199662184455888
E0016704,1999-06-24 02:00:00+00:00,32.71571,-117.16472,10.607678413391113,10.607799670518848,10.607799670518848,36.646080017089844,35.914757704683744,35.914757704683744,0.8006980419158936,0.8014835287331952,-0.00012125712773425334,-0.00012125712773425334,0.7313223124060997,0.7313223124060997,-0.0007854868173016172
E0065059,2013-03-07 03:55:00+00:00,44.05207,-123.08675,-19.117794036865234,-20.000417248666544,-19.12270515422684,-63.34756088256836,-63.996168076438146,-63.780732085413796,0.2539382874965668,0.25456026776926394,0.8826232118013095,0.0049111173616047665,0.6486071938697862,0.4331712028454362,-0.0006219802726971646
E0073054,1968-10-21 00:00:00+00:00,42.28143,-83.38632,-14.84299087524414,-14.844640994051428,-14.844640994051428,-20.74104881286621,-21.66444697512382,-21.66444697512382,0.011479982174932957,0.011536386472982496,0.0016501188072872708,0.0016501188072872708,0.9233981622576088,0.9233981622576088,-5.640429804953939e-05
E0016529,2000-07-14 02:25:00+00:00,33.35283,-111.78903,2.5581367015838623,1.6098562789694897,2.558637832597927,18.422874450683594,18.311067651066704,17.56234016456461,0.9452428817749023,0.9456260863914665,0.9482804226143726,-0.0005011310140647929,0.11180679961688966,0.860534286118984,-0.00038320461656415894
E0035269,2014-03-10 05:30:00+00:00,33.10067,-86.86416,-60.3118896484375,-60.31361957224608,-60.31361957224608,30.4422607421875,29.654613665966554,29.654613665966554,0.6569938659667969,0.6581550310711655,0.0017299238085826119,0.0017299238085826119,0.7876470762209458,0.7876470762209458,-0.0011611651043685889
E0016800,1998-09-23 05:45:00+00:00,43.74861,-87.97704,-46.24082946777344,-46.25479833386836,-46.242457138208316,-45.29682540893555,-46.50375081684495,-45.919341042092846,0.058496810495853424,0.05894788108213411,0.013968866094920429,0.0016276704348783255,1.2069254079094023,0.622515633157299,-0.0004510705862806885
E0022908,2012-04-04 03:15:00+00:00,41.27871,-72.52759,-37.33129119873047,-37.834859787789185,-37.3348803648919,51.490718841552734,50.57534206747865,50.868798965789296,0.898206353187561,0.8988434847234565,0.503568589058716,0.0035891661614328996,0.9153767740740832,0.6219198757634388,-0.0006371315358955076
E0032311,2010-04-15 03:03:00+00:00,41.6764,-91.58045,-23.184741973876953,-23.623296378035306,-23.189263509570996,-14.59789752960205,-15.910001964001504,-15.499587489022783,0.005609114654362202,0.005664579517188462,0.4385544041583529,0.004521535694042456,1.312104434399453,0.9016899594207324,-5.546486282625995e-05
E0057493,1998-03-31 11:00:00+00:00,43.47109,-89.74429,-8.45959758758545,-8.463219338872392,-8.463219338872392,-26.642894744873047,-27.52620194683642,-27.52620194683642,0.1582871377468109,0.15892955139222192,0.0036217512869427537,0.0036217512869427537,0.8833072019633725,0.8833072019633725,-0.0006424136454110108
E0051267,2009-09-03 02:41:00+00:00,40.39727,-91.38487,-22.80476951599121,-22.969319412000544,-22.80960585718889,29.0716552734375,28.394934957226067,28.27568622171029,0.9766961932182312,0.9768082520507911,0.16454989600933345,0.004836341197680838,0.6767203162114335,0.7959690517272087,-0.00011205883255993587
E0024366,2003-11-05 17:20:00+00:00,44.47588,-73.21207,29.00695037841797,29.005357977399,29.005357977399,-31.561853408813477,-32.33526429443714,-32.33526429443714,0.9006228446960449,0.9010499323199772,0.0015924010189678484,0.0015924010189678484,0.7734108856236617,0.7734108856236617,-0.0004270876239322874
E0086319,2008-04-27 07:15:00+00:00,47.00732,-122.90931,-27.57965850830078,-27.81013463301482,-27.582242894278902,-20.558658599853516,-20.608494695614194,-21.40972685409382,0.6265945434570312,0.6275631898942597,0.23047612471403767,0.002584385978121162,0.04983609576067849,0.8510682542403032,-0.0009686464372284931
E0022325,2015-02-02 00:00:00+00:00,35.46756,-97.51643,-1.248883605003357,-1.2524572659271005,-1.2524572659271005,19.619735717773438,18.757475983116123,18.757475983116123,0.9625651240348816,0.9627244408137762,0.00357366092374356,0.00357366092374356,0.8622597346573144,0.8622597346573144,-0.0001593167788945804
E0016002,2003-05-15 15:30:00+00:00,48.24121,-122.37071,27.8794002532959,27.87451281914888,27.87451281914888,-30.326038360595703,-31.19599307009452,-31.19599307009452,0.9959973692893982,0.9960039979877511,0.004887434147018865,0.004887434147018865,0.8699547094988169,0.8699547094988169,-6.628698352884044e-06
E0036113,2000-09-19 04:10:00+00:00,40.58654,-122.39168,-22.51894187927246,-22.518277931491095,-22.518277931491095,-11.649941444396973,-12.599115352273156,-12.599115352273156,0.7057077288627625,0.7068095808692412,-0.0006639477813656924,-0.0006639477813656924,0.9491739078761832,0.9491739078761832,-0.0011018520064787207
E0019274,2007-08-09 21:28:00+00:00,40.97477,-84.8683,37.42903137207031,35.94453397926723,37.42572017296304,15.590720176696777,13.316878799026348,14.654895764382612,0.10670991986989975,0.10681254569312809,1.4844973928030853,0.003311199107272955,2.273841377670429,0.9358244123141652,-0.00010262582322834168
E0072398,2001-08-25 02:00:00+00:00,42.28343,-71.3495,-24.53169059753418,-24.531673054857198,-24.531673054857198,9.975251197814941,9.033830274514049,9.033830274514049,0.4213074743747711,0.4224986993215842,-1.7542676982174044e-05,-1.7542676982174044e-05,0.9414209233008926,0.9414209233008926,-0.0011912249468130631
E0003353,2012-03-13 02:00:00+00:00,39.76861,-94.84663,-19.19344139099121,-19.198940296048168,-19.198940296048168,-42.05434036254883,-42.780572963152956,-42.780572963152956,0.7176911234855652,0.7187534158209123,0.0054989050569567155,0.0054989050569567155,0.7262326006041278,0.7262326006041278,-0.0010622923353471592
E0047367,2013-11-13 09:35:00+00:00,40.78788,-74.38821,-25.11384391784668,-24.169953838469464,-25.11429240233376,-20.650123596191406,-22.35682744519646,-21.539333739488935,0.8199486136436462,0.8209321217773712,-0.9438900793772156,0.00044848448708023625,1.7067038490050521,0.8892101432975288,-0.0009835081337249418
E0019463,2003-07-23 04:00:00+00:00,47.94454,-122.30458,-1.1739778518676758,-1.1744681327075155,-1.1744681327075155,-24.22924041748047,-25.045900420421486,-25.045900420421486,0.32597142457962036,0.32717184629585166,0.0004902808398397074,0.0004902808398397074,0.8166600029410169,0.8166600029410169,-0.0012004217162313036
E0011363,2015-05-24 02:00:00+00:00,40.85843,-74.16376,-16.46652603149414,-16.469039877011994,-16.469039877011994,29.65089988708496,28.850182447844468,28.850182447844468,0.34520626068115234,0.34636656146306366,0.002513845517853497,0.002513845517853497,0.8007174392404934,0.8007174392404934,-0.0011603007819113165
E0064558,2014-07-16 14:00:00+00:00,33.34595,-84.10908,39.724918365478516,39.72475891064109,39.72475891064109,16.93385887145996,15.975380241972598,15.975380241972598,0.7673178315162659,0.7682406599953141,0.0001594548374228566,0.0001594548374228566,0.9584786294873631,0.9584786294873631,-0.0009228284790482322
E0046519,2014-07-05 02:45:00+00:00,35.96064,-83.92074,-17.43295669555664,-18.122187805241328,-17.43634702505638,26.818782806396484,25.109595343713295,25.989823597189307,0.46150046586990356,0.46309289197954956,0.6892311096846875,0.0033903294997408295,1.7091874626831896,0.8289592092071771,-0.0015924261096459946
