EVENT_ID,strategy,utc_ts,lat,lon,grp,pipe,ind,tle_age_days,max_alt,n_vis_min,margin
E0004137,CS1,2003-02-12 01:20:00+00:00,45.78329,-108.50069,pipe=1,1.0,1.0,-0.12623951444402337,39.401464172713524,3,2.956126361040403
E0055221,CASE,2003-09-23 01:00:00+00:00,35.14009,-93.92159,pipe=1,1.0,1.0,-0.07607776345685124,55.995517455581734,6,8.060296111401657
E0055555,CASE,2003-02-13 02:00:00+00:00,40.65362,-97.28616,pipe=1,1.0,1.0,-0.059609826654195786,26.326485301959664,3,16.326485301959664
E0088218,CS4,2002-06-09 03:15:00+00:00,45.03802,-93.38662,pipe=1,1.0,1.0,-0.3276620334945619,50.99405680208511,6,7.2723974132434535
E0056548,CASE,2001-01-03 09:27:00+00:00,-37.78333,175.28333,pipe=1,1.0,1.0,-0.09947114996612072,70.24733419009631,6,12.346108953950331
E0033708,CS4,2001-10-02 23:30:00+00:00,40.10176,-76.08523,pipe=1,1.0,1.0,-0.6986805535852909,16.035950261546635,3,6.035950261546635
E0056249,CS2,2003-08-06 18:30:00+00:00,38.24444,21.73444,pipe=1,1.0,1.0,0.0007298835553228855,28.728503014890826,5,6.637243062000696
E0056858,CS4,2000-04-11 12:10:00+00:00,37.67688,-122.45969,pipe=1,1.0,1.0,-1.9525359054096043,72.10206049976271,3,12.209136724489387
E0067428,CS2,2004-05-14 03:00:00+00:00,44.08861,-87.65758,pipe=1,1.0,1.0,-0.01565703982487321,66.5150454178836,4,13.702103531310872
E0055900,CS2,2001-06-03 05:00:00+00:00,45.61872,-123.11428,pipe=1,1.0,1.0,-0.2760347663424909,46.92005981770154,4,6.664945293938938
E0036071,CS2,2004-03-25 03:00:00+00:00,49.8844,-97.14704,pipe=1,1.0,1.0,0.06643929006531835,52.07810783863616,3,15.894998274747177
E0055687,CS4,2002-10-15 02:05:00+00:00,37.28717,-121.94996,pipe=1,1.0,1.0,-0.05443513439968228,14.708868567623941,3,1.529512943307875
E0015961,CS2,2002-08-03 05:00:00+00:00,47.89013,-120.21369,pipe=1,1.0,1.0,-0.25983796641230583,35.146878221242474,3,7.281531196831457
E0067756,CS4,2001-07-13 09:00:00+00:00,41.45532,-81.91792,pipe=1,1.0,1.0,-0.13136166986078024,18.55568284344295,4,7.134638490480961
E0079121,CS2,2002-04-06 01:00:00+00:00,42.98339,-81.23304,pipe=1,1.0,1.0,-0.4648148133419454,20.223285853642473,5,9.348905288715281
E0055399,CS2,2004-07-11 10:00:00+00:00,29.36273,-100.89676,pipe=1,1.0,1.0,-0.1969328736886382,15.418350576948201,4,5.418350576948201
E0095392,CASE,2002-08-09 02:45:00+00:00,42.16671,-83.78161,pipe=1,1.0,1.0,-0.6976030063815415,41.771246826481544,3,14.285341919700343
E0056548,CS4,2001-01-03 09:27:00+00:00,-41.21667,174.91667,pipe=1,1.0,1.0,-0.09947114996612072,41.5599214882912,6,9.740169759906268
E0017820,CS4,2003-05-15 08:30:00+00:00,44.94441,-93.09327,pipe=1,1.0,1.0,-0.021550923585891724,23.953832670995816,5,13.953832670995816
E0016327,CS4,2001-08-02 02:30:00+00:00,37.69224,-97.33754,pipe=1,1.0,1.0,-1.3624321636743844,54.48650548432243,6,6.192548501711112
E0072197,CS2,2002-08-25 05:23:00+00:00,36.0397,-114.98194,pipe=0 (night),0.0,0.0,-0.2374566444195807,-26.693693866635456,0,-36.693693866635456
E0054499,CS1,2004-10-27 00:01:00+00:00,25.77427,-80.19366,pipe=0 (night),0.0,0.0,0.17569444421678782,-30.93293720692693,0,-57.98698003370305
E0067286,CS2,2004-11-07 01:35:00+00:00,43.65737,-70.2589,pipe=0 (night),0.0,0.0,0.2550115720368922,-1.3823165359637366,0,-27.518564988895942
E0067218,CS4,2004-02-25 02:00:00+00:00,33.36317,-97.1739,pipe=0 (night),0.0,0.0,-0.07825652649626136,-42.94525657109873,0,-99.0
E0054625,CASE,2004-08-22 03:00:00+00:00,29.76328,-95.36327,pipe=0 (night),0.0,0.0,0.33491424983367324,-36.494566660679745,0,-50.4395496301065
E0095549,CS2,2003-08-02 04:35:00+00:00,44.87388,-88.14288,pipe=0 (night),0.0,0.0,0.07895833207294345,-56.066577570185615,0,-73.81421100289597
E0079341,CS2,2000-05-22 12:00:00+00:00,3.1412,101.68653,pipe=0 (night),0.0,0.0,-0.020429439842700958,-34.26796138269411,0,-99.0
E0072462,CS2,2002-03-09 03:19:00+00:00,45.67965,-111.03856,pipe=0 (night),0.0,0.0,-0.3513807253912091,-42.98021540429908,0,-57.26219015794604
E0015616,CASE,2004-11-20 19:00:00+00:00,51.83333,4.13333,pipe=0 (night),0.0,0.0,-0.08864946337416768,-63.11144602011397,0,-77.00579058901089
E0053978,CS2,2004-09-07 05:15:00+00:00,47.76232,-122.2054,pipe=0 (night),0.0,0.0,0.5789351901039481,-33.435190568642966,0,-43.435190568642966
E0024973,CS4,1999-12-22 03:00:00+00:00,34.05223,-118.24368,pipe=0 (night),0.0,0.0,-0.7323379600420594,-59.50751083253617,0,-77.1085431482521
E0024974,CS1,1999-12-26 07:15:00+00:00,29.76328,-95.36327,pipe=0 (night),0.0,0.0,-0.09378237649798393,-64.20889716567743,0,-74.20889716567743
E0024674,CS1,2002-02-26 04:30:00+00:00,45.52345,-122.67621,pipe=0 (night),0.0,0.0,0.15175617020577192,-44.976958881053676,0,-74.50256491882618
E0067297,CS1,2003-11-17 22:40:00+00:00,40.80427,-74.01208,pipe=0 (night),0.0,0.0,0.15186342457309365,-31.25767193769673,0,-68.26871946948063
E0039127,CS4,2003-05-24 05:35:00+00:00,32.75589,-111.67096,pipe=0 (night),0.0,0.0,0.08789872890338302,-68.63371893227175,0,-78.63371893227175
E0017821,CS1,2003-03-16 21:30:00+00:00,55.87945,-3.15874,pipe=0 (night),0.0,0.0,0.04699074337258935,-58.23165536945904,0,-68.23165536945905
E0054396,CS1,2004-11-03 10:44:00+00:00,32.08354,-81.09983,pipe=0 (night),0.0,0.0,-0.3732407377101481,-20.740193428134656,0,-99.0
E0079216,CS1,2002-06-22 06:00:00+00:00,27.96585,-82.8001,pipe=0 (night),0.0,0.0,0.42096116999164224,-39.96762776550709,0,-56.41975812519266
E0015456,CS2,2003-08-05 05:00:00+00:00,29.30135,-94.7977,pipe=0 (night),0.0,0.0,-0.029764186590909958,-69.1475328198375,0,-79.1475328198375
E0036096,CS4,2001-04-01 03:10:00+00:00,39.84031,-88.9548,pipe=0 (night),0.0,0.0,-0.0761278155259788,29.579887241029553,0,-99.0
E0056145,CS4,2001-10-05 03:00:00+00:00,45.64064,-73.58463,pipe=0 (any),0.0,0.0,0.650276789907366,-35.44953620588422,0,-59.24761607111221
E0034149,CS4,1999-05-02 03:00:00+00:00,41.52642,-87.53865,pipe=0 (any),0.0,0.0,-0.031351109966635704,-18.206338311948716,0,-99.0
E0024972,CS4,1999-12-28 11:00:00+00:00,38.71311,-90.42984,pipe=0 (any),0.0,0.0,0.2698148135095835,-30.68861729902901,0,-44.73245021631532
E0054842,CS4,2004-05-08 15:45:00+00:00,39.09973,-94.57857,pipe=0 (any),0.0,0.0,-0.010763890109956264,-26.20379723780091,0,-55.59108049339133
E0056993,CS4,1999-11-19 00:15:00+00:00,42.29732,-71.43701,pipe=0 (any),0.0,0.0,-0.11311835329979658,-26.401610465890947,0,-36.40161046589095
E0027063,CS2,2002-08-08 14:45:00+00:00,39.32796,-120.18325,pipe=0 (any),0.0,0.0,1.1675925934687257,-41.472479693718114,0,-53.832761888972755
E0078826,CS2,2003-11-02 02:00:00+00:00,31.41101,-96.5722,pipe=0 (any),0.0,0.0,0.1747685233131051,-37.369759273660534,0,-54.31977897554468
E0067535,CS1,2002-09-11 12:50:00+00:00,38.44047,-122.71443,pipe=0 (any),0.0,0.0,0.06944444216787815,-45.570487614898546,0,-55.570487614898546
E0095369,CS4,2002-09-04 04:00:00+00:00,33.96173,-116.50353,pipe=0 (any),0.0,0.0,-0.6309478036127985,-41.26605346331829,0,-51.26605346331829
E0067727,CS2,1999-08-29 19:00:00+00:00,41.1306,-85.12886,pipe=0 (any),0.0,0.0,-0.06125712348148227,-8.581215576096273,0,-56.64500786832559
E0056813,CS1,2000-06-24 08:00:00+00:00,30.33218,-81.65565,random night 400,0.0,0.0,-1.0877314764074981,-15.879216695268608,0,-36.1414200317151
E0033287,CS1,2004-07-15 02:25:00+00:00,32.72541,-97.32085,random night 400,1.0,1.0,0.5008214847184718,14.033144029681363,3,4.033144029681363
E0095363,CASE,2002-09-17 00:42:00+00:00,40.20313,-79.92616,random night 400,0.0,0.0,0.5628009266220033,-29.46866269075442,0,-46.5126157117601
E0001013,CS1,2004-10-09 03:00:00+00:00,45.41117,-75.69812,random night 400,0.0,0.0,0.312685189768672,-31.70944764176577,0,-41.70944764176577
E0074546,CS2,2002-06-09 18:00:00+00:00,37.75427,26.97699,random night 400,0.0,0.0,-0.08795074978843331,-49.64983269252841,0,-59.64983269252841
E0016210,CS2,2000-04-12 03:00:00+00:00,31.85425,-110.9937,random night 400,0.0,0.0,-1.334480349905789,22.06713440861255,0,-5.68715787954705
E0087533,CS4,2004-08-27 01:35:00+00:00,33.73205,-84.91911,random night 400,0.0,0.0,0.25266203191131353,-39.949608624966544,0,-49.949608624966544
E0087902,CS2,2004-08-27 06:00:00+00:00,35.18944,-114.05301,random night 400,0.0,0.0,0.4366898098960519,-12.558582744048904,0,-34.29362794026335
E0067397,CS4,2003-07-06 07:04:00+00:00,34.53611,-117.29116,random night 400,0.0,0.0,-0.1608262355439365,-34.48342569653668,0,-63.82641355650147
E0072343,CS1,2002-05-06 10:00:00+00:00,34.05223,-118.24368,random night 400,0.0,0.0,0.6211978564970195,-4.0190003799368315,0,-14.348955968598666
E0036099,CS1,2001-03-14 04:45:00+00:00,35.17405,-79.39225,random night 400,0.0,0.0,0.06849536672234535,-23.257170252198264,0,-37.268739827825684
E0020898,CS4,2003-08-15 09:45:00+00:00,41.31137,-105.5911,random night 400,0.0,0.0,-0.1326960502192378,-39.1080756043749,0,-49.1080756043749
E0034336,CS2,2000-07-22 05:55:00+00:00,32.22174,-110.92648,random night 400,0.0,0.0,0.48125367797911167,-21.234444311011657,0,-99.0
E0005382,CS4,2004-12-28 07:59:00+00:00,33.44838,-112.07404,random night 400,0.0,0.0,-0.2813972309231758,-14.488343484223648,0,-49.12936874027665
E0025073,CS1,1999-03-29 03:00:00+00:00,36.59649,-82.18847,random night 400,0.0,0.0,-0.013408489990979433,-41.67599492416473,0,-51.67599492416473
E0016092,CS2,2000-10-13 04:00:00+00:00,45.52345,-122.67621,random night 400,1.0,1.0,0.06381223630160093,60.32046729783744,1,2.273734584998742
E0067460,CS1,2003-01-03 09:30:00+00:00,37.6391,-120.99688,random night 400,0.0,0.0,-0.1117198565043509,-55.98982309913914,0,-65.98982309913913
E0024308,CS4,2004-03-10 03:00:00+00:00,52.44859,-2.04938,random night 400,0.0,0.0,0.05658090999349952,12.530270115804337,0,-99.0
E0095534,CS2,1999-09-03 04:10:00+00:00,44.08385,-93.22604,random night 400,0.0,0.0,-0.029531878884881735,-8.45242002617614,0,-99.0
E0095334,CS2,2003-11-17 12:00:00+00:00,34.24834,-117.18921,random night 400,0.0,0.0,0.0025655701756477356,59.077765612001,0,-9.449191117900323
E0024622,CS1,2002-07-19 02:25:00+00:00,41.39676,-73.07594,random night 400,0.0,0.0,1.2962962943129241,-61.36521716994976,0,-71.36521716994976
E0055701,CS1,2002-10-19 05:30:00+00:00,39.16128,-89.4954,random night 400,0.0,0.0,0.10464598657563329,-50.59449121503489,0,-60.59449121503489
E0088738,CS4,2000-04-22 06:15:00+00:00,34.39048,-118.57372,random night 400,0.0,0.0,-0.8773495336063206,-40.65780010869149,0,-69.69870829375094
E0016514,CS4,2000-08-04 04:00:00+00:00,37.7966,-122.40858,random night 400,0.0,0.0,0.24090277636423707,-31.026669989084283,0,-41.02666998908428
E0024861,CS2,2002-10-31 07:00:00+00:00,42.26136,-94.06857,random night 400,0.0,0.0,0.7612173464149237,-21.47693025467729,0,-31.786204853781708
E0088266,CS2,2000-03-12 08:00:00+00:00,39.50956,-76.16412,random night 400,0.0,0.0,-0.20511485636234283,-30.723182370671292,0,-40.723182370671296
E0095856,CS1,1999-06-09 04:00:00+00:00,34.27834,-119.29317,random night 400,0.0,0.0,0.10626483662053943,-45.232640242117604,0,-55.232640242117604
E0072459,CS1,2001-03-09 00:30:00+00:00,32.29876,-90.18481,random night 400,0.0,0.0,0.10311277350410819,-58.80056973869985,0,-68.80056973869985
E0055799,CS4,2002-08-07 03:00:00+00:00,45.50884,-73.58781,random night 400,1.0,1.0,-0.3219907400198281,71.11015123031402,2,14.300979175957838
E0034325,CS2,1999-08-28 05:25:00+00:00,44.41765,-119.11357,random night 400,0.0,0.0,0.036298634484410286,-31.325576244630785,0,-74.58345305126139
E0039347,CASE,2000-05-23 22:00:00+00:00,51.4814,0.36343,random night 400,0.0,0.0,0.1268403665162623,-32.22453517205869,0,-42.22453517205869
E0027162,CS2,2003-03-16 07:15:00+00:00,33.39422,-110.7865,random night 400,0.0,0.0,-0.18945549661293626,-31.24026137269019,0,-41.240261372690185
E0039259,CS2,2000-09-12 04:30:00+00:00,39.55388,-104.96943,random night 400,0.0,0.0,-0.09232605015859008,-39.808696432169036,0,-49.808696432169036
E0072180,CS2,2001-09-23 21:00:00+00:00,-33.73378,18.97523,random night 400,0.0,0.0,0.06112268986180425,-14.6625072292505,0,-25.69125204962916
E0088226,CS1,2002-06-17 04:30:00+00:00,50.1436,-96.88452,random night 400,0.0,0.0,0.03662513988092542,-55.207289221987466,0,-65.20728922198747
E0056518,CS1,2001-01-12 23:35:00+00:00,57.14369,-2.09814,random night 400,0.0,0.0,-1.5376149211078882,-25.801365672675285,0,-35.91655116232931
E0066999,CS4,2004-12-30 00:15:00+00:00,44.51916,-88.01983,random night 400,0.0,0.0,0.1510300966911018,-32.357916585635245,0,-57.178427791861814
E0079481,CS2,2001-11-27 04:30:00+00:00,32.71571,-117.16472,random night 400,0.0,0.0,0.657966080121696,-48.50060338101735,0,-58.50060338101735
E0024351,CS1,2003-12-15 23:30:00+00:00,44.60868,-79.42068,random night 400,0.0,0.0,0.06559973629191518,-2.633700037920299,0,-12.633700037920299
E0088066,CS4,2002-11-27 12:30:00+00:00,46.87669,-113.88678,random night 400,0.0,0.0,-0.06249999674037099,-38.061154951492206,0,-48.061154951492206
E0056209,CS1,2001-08-09 00:55:00+00:00,51.9225,4.47917,random night 400,0.0,0.0,-0.14630786562338471,3.0275896155587643,0,-18.073140852214152
E0020916,CS2,2004-01-23 18:35:00+00:00,51.12598,1.31257,random night 400,0.0,0.0,0.009153265506029129,-1.0732154299454923,0,-99.0
E0033960,CS1,2000-03-22 04:00:00+00:00,30.35714,-87.16386,random night 400,0.0,0.0,-1.6578940632753074,-46.64186052065007,0,-56.64186052065007
E0095391,CASE,2002-08-10 03:45:00+00:00,36.17497,-115.13722,random night 400,0.0,0.0,0.34406366012990475,-36.305055784941636,0,-82.18834868625956
E0007778,CS1,1999-03-27 22:57:00+00:00,53.33306,-6.24889,random night 400,0.0,0.0,0.09967342996969819,-41.68064585839042,0,-51.68064585839042
E0027178,CS2,2003-07-21 02:15:00+00:00,38.2098,-84.25299,random night 400,0.0,0.0,-0.032796630170196295,-33.4471365335182,0,-43.4471365335182
E0056786,CS2,1999-07-03 07:30:00+00:00,46.80833,-100.78374,random night 400,0.0,0.0,0.15108582004904747,-4.635140674349919,0,-18.091001771246532
E0074547,CS4,2003-06-02 02:00:00+00:00,39.60062,-82.94601,random night 400,0.0,0.0,-0.04468749649822712,-61.05480417541833,0,-71.05480417541833
E0094888,CS1,2004-11-24 06:00:00+00:00,41.36838,-82.10765,random night 400,0.0,0.0,0.4283171999268234,-42.32879289011052,0,-52.32879289011052
E0056283,CS4,2001-07-20 03:20:00+00:00,38.62699,-88.94562,random night 400,0.0,0.0,-0.08323662122711539,-13.333010171592706,0,-99.0
E0067153,CS4,2004-05-12 08:20:00+00:00,46.82666,-100.88958,random night 400,0.0,0.0,-0.13365346798673272,20.27687518240385,0,-40.80586173221053
E0020976,CS2,2003-08-12 06:30:00+00:00,41.1595,-81.44039,random night 400,0.0,0.0,-0.1801967564970255,-35.17324014757773,0,-45.17324014757773
E0005547,CS2,2002-07-14 03:30:00+00:00,43.5789,-79.6583,random night 400,0.0,0.0,0.31712963338941336,-28.292219410851864,0,-38.292219410851864
E0039419,CS4,1999-05-10 22:30:00+00:00,50.82838,-0.13947,random night 400,0.0,0.0,-0.18323470000177622,-24.088237130511253,0,-34.08823713051125
E0067041,CS4,2004-10-12 07:06:00+00:00,34.09834,-118.32674,random night 400,0.0,0.0,-0.5087304865010083,-42.19221427169507,0,-52.19221427169507
E0018219,CS2,2000-11-25 12:30:00+00:00,35.66579,-118.29036,random night 400,0.0,0.0,-1.0321355466730893,-52.40201746162022,0,-76.93303323784794
E0087537,CS4,2004-08-24 03:10:00+00:00,30.26715,-97.74306,random night 400,0.0,0.0,0.31732614431530237,-35.39451514708906,0,-48.503200076777496
E0001217,CS2,2001-04-29 01:00:00+00:00,40.90093,-73.34317,random night 400,0.0,0.0,-0.07722531352192163,-22.55576723449249,0,-32.55576723449249
E0004297,CS1,2000-10-12 10:30:00+00:00,33.50921,-111.89903,random night 400,0.0,0.0,0.2920455699786544,-61.394380582282096,0,-71.3943805822821
E0079401,CS2,2002-09-28 21:10:00+00:00,52.05917,1.15545,random night 400,0.0,0.0,-0.8866827352903783,56.2958179990721,0,-99.0
E0005419,CS2,2003-04-13 06:50:00+00:00,44.77487,-117.83438,random night 400,0.0,0.0,0.10181795200332999,-54.85274057827265,0,-64.85274057827266
E0056809,CS1,2000-06-23 06:00:00+00:00,39.53491,-119.75269,random night 400,1.0,1.0,0.7933237799443305,38.37462535328208,2,16.092805615335934
E0056205,CS2,2002-08-24 02:50:00+00:00,44.13174,-70.49311,random night 400,0.0,0.0,0.3043865757063031,-29.569960032519425,0,-39.569960032519425
E0033417,CS4,2003-10-21 00:50:00+00:00,33.20984,-87.56917,random night 400,0.0,0.0,0.14785725204274058,-30.28526349054211,0,-40.28526349054211
E0015773,CS2,2003-04-23 06:40:00+00:00,35.68698,-105.9378,random night 400,0.0,0.0,-0.21223355224356055,-41.39200808332013,0,-99.0
E0057099,CS4,1999-09-05 01:00:00+00:00,41.85003,-87.65005,random night 400,0.0,0.0,-0.1444138432852924,-59.480175321519454,0,-86.58648315245777
E0020944,CS4,2002-08-02 07:23:00+00:00,37.69224,-97.33754,random night 400,0.0,0.0,-1.1605324111878872,74.83689091854436,0,-16.454742990904933
E0036003,CS4,2003-09-05 04:40:00+00:00,42.37596,-122.91643,random night 400,0.0,0.0,-0.01501090545207262,-25.1190009935653,0,-99.0
E0067611,CS2,2003-05-29 02:09:00+00:00,37.55376,-77.46026,random night 400,0.0,0.0,-0.06342592695727944,-27.682894162303032,0,-75.53539699757225
E0095665,CS2,2001-10-02 11:30:00+00:00,34.05223,-118.24368,random night 400,0.0,0.0,-1.198680553585291,-0.4407043547261219,0,-99.0
E0005588,CS4,2000-04-29 03:28:00+00:00,36.84681,-76.28522,random night 400,0.0,0.0,-1.3479178259149194,-12.253254125846755,0,-22.253254125846755
E0054945,CS1,2004-03-22 04:45:00+00:00,42.70704,-71.16311,random night 400,0.0,0.0,0.010033716447651386,60.80799011088587,0,-99.0
E0056661,CS4,2000-09-16 02:00:00+00:00,32.73569,-97.10807,random night 400,0.0,0.0,0.2215157733298838,-38.27982180927825,0,-48.27982180927825
E0054771,CS1,2004-06-13 09:31:00+00:00,30.50826,-97.6789,random night 400,0.0,0.0,0.06881368812173605,-30.87643954944574,0,-40.87643954944574
E0033343,CASE,2004-03-05 04:42:00+00:00,37.77493,-122.41942,random night 400,0.0,0.0,-0.012421676889061928,-19.82534368360601,0,-44.95625089504133
E0072282,CS4,2002-10-21 09:30:00+00:00,34.90225,-110.15818,random night 400,0.0,0.0,0.2802720032632351,-37.398502633122334,0,-47.398502633122334
E0087459,CS1,2004-11-26 02:45:00+00:00,33.64113,-117.91867,random night 400,0.0,0.0,0.398979393299669,12.836204515530456,0,-9.033052752096797
E0057505,CS2,2000-03-11 05:40:00+00:00,36.15398,-95.99277,random night 400,0.0,0.0,-1.3023370788432658,-30.333515107443883,0,-99.0
E0095149,CS4,2003-10-24 04:00:00+00:00,30.44332,-91.18747,random night 400,0.0,0.0,-0.0213078735396266,-38.87922247363398,0,-49.28675592142039
E0055826,CS2,2001-07-26 23:30:00+00:00,54.4036,-1.73434,random night 400,0.0,0.0,0.33753594662994146,-66.10923894175792,0,-76.10923894175792
E0057063,CS1,1999-10-29 11:00:00+00:00,45.52345,-122.67621,random night 400,0.0,0.0,-0.04946902673691511,-20.304719599821432,0,-43.74536897155327
E0020902,CS2,2001-08-03 08:15:00+00:00,34.05223,-118.24368,random night 400,0.0,0.0,-0.1228488301858306,-9.13752153342063,0,-33.57867573371399
E0079512,CS4,1999-09-03 08:45:00+00:00,42.86509,-71.4934,random night 400,0.0,0.0,-0.09442980634048581,-29.12821424122372,0,-99.0
E0007509,CS1,2003-07-30 02:30:00+00:00,42.67676,-71.42451,random night 400,0.0,0.0,-0.035416663624346256,-26.84368942268454,0,-75.94301353276768
E0020901,CS2,2001-08-09 07:27:00+00:00,34.05223,-118.24368,random night 400,0.0,0.0,-0.05675211315974593,0.755552710733685,0,-99.0
E0034292,CS2,1999-09-25 04:25:00+00:00,47.85538,-121.97096,random night 400,0.0,0.0,0.17445444781333208,-42.5239257167312,0,-52.5239257167312
E0074618,CS1,2001-09-07 23:00:00+00:00,53.99078,-1.5373,random night 400,0.0,0.0,1.6279398133046925,-50.3356633500379,0,-60.3356633500379
E0033170,CS2,2004-04-25 04:25:00+00:00,49.88307,-119.48568,random night 400,0.0,0.0,0.031299788039177656,-48.86880093123911,0,-59.4330998969485
E0033236,CS4,2004-11-30 07:30:00+00:00,41.52364,-90.57764,random night 400,0.0,0.0,0.515922729857266,-37.05213720653225,0,-47.375974133761076
E0055277,CASE,2003-08-31 09:30:00+00:00,36.00412,-120.12903,random night 400,0.0,0.0,-0.1355691864155233,-1.2112659429177446,0,-17.59080587580763
E0054313,CS2,2004-01-27 08:45:00+00:00,-41.28664,174.77557,random night 400,0.0,0.0,-0.048148146364837885,-37.71416254024253,0,-47.883262793133035
E0055561,CS2,2001-02-09 13:30:00+00:00,38.58157,-121.4944,random night 400,0.0,0.0,-0.009953700006008148,-20.18562520682689,0,-56.01650705271527
E0055433,CS4,2003-06-25 05:00:00+00:00,49.05798,-122.25257,random night 400,0.0,0.0,0.210891283582896,-39.48496777830034,0,-49.48496777830034
E0056409,CS1,2001-04-12 03:00:00+00:00,41.68832,-93.79106,random night 400,0.0,0.0,0.3160532400943339,-31.844116494825414,0,-41.844116494825414
E0056504,CS4,2001-02-04 06:01:00+00:00,32.78306,-96.80667,random night 400,0.0,0.0,-0.5974731557071209,-59.07572997242346,0,-69.07572997242346
E0062155,CS2,2003-06-09 04:30:00+00:00,36.81614,-100.51987,random night 400,0.0,0.0,0.08085665991529822,-28.35171808442029,0,-77.16839349947465
E0005634,CS1,1999-03-07 01:15:00+00:00,42.16702,-76.82051,random night 400,0.0,0.0,-0.16105486638844013,-9.773859917591926,0,-99.0
E0088305,CS1,2001-12-09 23:40:00+00:00,32.34153,-90.32176,random night 400,0.0,0.0,0.16819844115525484,-25.250103591557636,0,-35.25010359155763
E0024696,CASE,2001-12-01 12:00:00+00:00,20.88953,-156.47432,random night 400,0.0,0.0,-0.3204705798998475,-12.627718366205126,0,-54.70498950684765
E0079282,CS2,2003-11-14 03:00:00+00:00,35.57702,-92.17737,random night 400,0.0,0.0,0.29531250009313226,-67.48121844210418,0,-77.48121844210418
E0056217,CS1,2001-08-27 02:00:00+00:00,41.52448,-90.51569,random night 400,0.0,0.0,-0.6837541866116226,-4.619097664307472,0,-14.619097664307471
E0056274,CS1,2001-07-09 06:30:00+00:00,38.95823,-122.62637,random night 400,0.0,0.0,0.8081338633783162,-35.93217837453847,0,-99.0
E0055870,CS1,2002-06-04 08:00:00+00:00,44.8508,-93.78691,random night 400,0.0,0.0,-0.8300775364041328,4.068005526956387,0,-19.135525335551925
E0095171,CS4,2003-10-02 03:05:00+00:00,33.30616,-111.84125,random night 400,0.0,0.0,-0.005722847767174244,1.2632815254349974,0,-8.736718474565002
E0067141,CS1,2004-06-25 09:30:00+00:00,33.53865,-112.18599,random night 400,0.0,0.0,-0.042866246309131384,-56.725791204164885,0,-76.40733841911836
E0001118,CS1,2002-02-01 04:50:00+00:00,33.30616,-111.84125,random night 400,0.0,0.0,-1.3366898111999035,-34.97923451477241,0,-65.4505375881059
E0095677,CS4,2000-08-21 06:05:00+00:00,47.74232,-121.98568,random night 400,1.0,1.0,1.1336574121378362,38.20331655341522,1,4.5048219207851545
E0057149,CS4,1999-07-28 04:40:00+00:00,33.66198,-112.34127,random night 400,0.0,0.0,-0.013381225522607565,-40.35708068438538,0,-99.0
E0054676,CS4,2004-08-01 10:05:00+00:00,35.15565,-89.7762,random night 400,0.0,0.0,-0.3866695808246732,-43.84024773458312,0,-53.84024773458312
E0056209,CS4,2001-08-23 00:55:00+00:00,53.10667,6.87917,random night 400,0.0,0.0,0.2040606145747006,-28.887186030991536,0,-38.887186030991536
E0055272,CS1,2003-09-15 08:30:00+00:00,45.52345,-122.67621,random night 400,0.0,0.0,-0.0970771536231041,-41.40282985339966,0,-51.40282985339966
E0033776,CS2,2000-04-29 23:00:00+00:00,31.32556,75.57917,random night 400,0.0,0.0,-0.5340289366431534,-50.04314338478494,0,-60.04314338478494
E0079486,CS2,2000-11-19 06:30:00+00:00,40.74255,-84.10523,random night 400,0.0,0.0,0.29988426342606544,-4.178471130068735,0,-28.544575644946196
E0019625,CS4,2000-01-01 06:00:00+00:00,28.0939,-82.50561,random night 400,0.0,0.0,1.3863217001780868,-60.458289939150504,0,-70.4582899391505
E0074705,CS4,1999-02-25 03:30:00+00:00,39.89178,-75.29963,random night 400,0.0,0.0,-0.0619714567437768,-16.595911166011067,0,-26.595911166011067
E0055280,CS4,2003-08-31 05:55:00+00:00,34.95303,-120.43572,random night 400,0.0,0.0,0.030662698205560446,-38.00833593791332,0,-54.902952326097385
E0039240,CS1,2001-11-13 04:20:00+00:00,38.95362,-94.73357,random night 400,0.0,0.0,-2.5959395146928728,-24.357113535601812,0,-50.73779787678613
E0027109,CS4,2003-07-29 04:30:00+00:00,41.1306,-85.12886,random night 400,1.0,1.0,0.04589120019227266,28.34460504596829,1,6.112987650451775
E0001118,CS2,2001-01-12 04:50:00+00:00,33.30616,-111.84125,random night 400,0.0,0.0,0.8679620590992272,-39.773991652529574,0,-50.43928969121027
E0053657,CS2,2004-02-29 06:00:00+00:00,39.95238,-75.16362,random night 400,0.0,0.0,0.06925919000059366,-13.658563344320573,0,-27.79469331612296
E0056629,CS2,2002-10-17 03:15:00+00:00,33.19762,-96.61527,random night 400,0.0,0.0,-0.06458333367481828,1.3416322998263495,0,-13.621851492031416
E0078970,CS4,2004-02-29 01:10:00+00:00,43.70643,-79.39864,random night 400,0.0,0.0,0.1097222208045423,-33.59013394511637,0,-47.45940016700777
E0015689,CS4,2004-08-14 09:15:00+00:00,41.52364,-90.57764,random night 400,0.0,0.0,0.5506144165992737,-12.76197881832563,0,-22.76197881832563
E0056462,CS4,2001-03-07 02:02:00+00:00,39.072,-85.2519,random night 400,0.0,0.0,-0.4862418877892196,-31.0351132325961,0,-41.0351132325961
E0021042,CS4,2000-05-02 06:23:00+00:00,38.97167,-95.23525,random night 400,0.0,0.0,-0.8837292375974357,-16.912986969303063,0,-29.56214408039918
E0055684,CS1,2002-10-23 01:30:00+00:00,35.13924,-97.39475,random night 400,0.0,0.0,-0.3519516601227224,-36.78460503836354,0,-74.7988730700411
E0079510,CS4,1999-09-11 03:30:00+00:00,27.90979,-82.78842,random night 400,0.0,0.0,0.011591053567826748,-30.342528153955385,0,-40.342528153955385
E0056969,CS2,2000-12-15 01:45:00+00:00,43.1836,-89.21373,random night 400,0.0,0.0,0.5671605365350842,-41.96065675541072,0,-51.96065675541072
E0016557,CS2,1999-05-18 03:00:00+00:00,40.94038,-74.13181,random night 400,0.0,0.0,-0.03752340981736779,-21.471602615733296,0,-31.471602615733296
E0067111,CS1,2004-07-05 06:00:00+00:00,52.13238,-106.66892,random night 400,0.0,0.0,0.014855570159852505,-28.969922818257942,0,-38.96992281825794
E0016498,CS2,2002-08-24 02:30:00+00:00,44.10035,-70.21478,random night 400,0.0,0.0,0.29049768671393394,-44.92243549952207,0,-54.92243549952207
E0055599,CS4,2003-01-09 03:15:00+00:00,38.1302,-121.27245,random night 400,0.0,0.0,-0.011720183305442333,-32.093760534950526,0,-99.0
E0088282,CS4,2002-02-07 02:00:00+00:00,38.90524,-77.04362,random night 400,0.0,0.0,0.20616857334971428,9.46025863838708,0,-99.0
E0055945,CS2,2004-04-22 04:30:00+00:00,36.09986,-80.24422,random night 400,0.0,0.0,-0.036322040017694235,-46.49009321915971,0,-60.24989652045544
E0087902,CASE,2003-08-29 06:00:00+00:00,35.18944,-114.05301,random night 400,0.0,0.0,0.02171979984268546,-52.781801961684444,0,-62.781801961684444
E0067608,CS1,2002-06-10 02:42:00+00:00,42.08343,-71.01838,random night 400,0.0,0.0,-0.053265690337866545,-14.734776405126471,0,-99.0
E0056594,CASE,2000-11-24 00:20:00+00:00,44.13191,-91.71876,random night 400,0.0,0.0,0.210303938947618,-37.34046454059929,0,-50.28376520659246
E0067604,CS4,2002-06-09 09:40:00+00:00,36.17497,-115.13722,random night 400,0.0,0.0,-0.0603009220212698,-9.918018582307008,0,-99.0
E0001194,CS4,1999-09-07 04:00:00+00:00,41.85003,-87.65005,random night 400,0.0,0.0,-0.0022325837053358555,-56.124256383702686,0,-66.12425638370269
E0072016,CS4,2004-09-17 11:30:00+00:00,34.00204,-118.29896,random night 400,0.0,0.0,-0.2934215236455202,-13.90764906216414,0,-42.17013094384844
E0055987,CASE,2002-03-14 03:55:00+00:00,34.42121,-84.11908,random night 400,0.0,0.0,0.3160879644565284,-28.98390065991703,0,-40.42292787527384
E0087767,CS4,2003-12-26 04:50:00+00:00,40.1734,-79.85755,random night 400,0.0,0.0,0.036932868883013725,-55.57345049884621,0,-65.57345049884621
E0056983,CS4,1999-11-29 03:00:00+00:00,37.55376,-77.46026,random night 400,0.0,0.0,-0.07316063018515706,-27.232752411704972,0,-49.64233484070486
E0095021,CS4,2004-05-12 04:00:00+00:00,41.88003,-88.00784,random night 400,0.0,0.0,0.06462800642475486,3.5111554017264206,0,-22.129822081440636
E0018205,CASE,2001-09-03 05:55:00+00:00,38.44047,-122.71443,random night 400,0.0,0.0,0.42187499813735485,-42.75003163001942,0,-52.75003163001942
E0056743,CS2,2002-07-18 03:35:00+00:00,31.13489,-97.77561,random night 400,0.0,0.0,0.34490740532055497,-25.761898954584908,0,-49.10641414949858
E0087790,CS1,2003-11-16 23:30:00+00:00,40.49927,-74.39904,random night 400,0.0,0.0,0.1441550967283547,-10.230428468153898,0,-99.0
E0053788,CS2,2004-11-12 00:45:00+00:00,32.75044,-81.63678,random night 400,0.0,0.0,0.1787986601702869,8.491272433981596,0,-4.453424651440348
E0057291,CS4,1999-02-13 23:30:00+00:00,39.32011,-76.51552,random night 400,0.0,0.0,0.1908315964974463,-20.543580048648046,0,-38.35463416185746
E0024330,CS4,2004-01-22 02:00:00+00:00,40.68689,-111.87549,random night 400,0.0,0.0,0.16444155341014266,-34.64222030932064,0,-44.64222030932064
E0055632,CS4,2002-12-21 09:00:00+00:00,25.72149,-80.26838,random night 400,0.0,0.0,-0.11124593019485474,-58.019748775443226,0,-68.01974877544322
E0095535,CS4,2001-08-29 09:00:00+00:00,50.45008,-104.6178,random night 400,0.0,0.0,-0.9472337998449802,-34.22149405723843,0,-44.22149405723843
E0056752,CS2,2001-07-13 03:15:00+00:00,40.1215,-75.3399,random night 400,0.0,0.0,0.09369212668389082,-44.10595821060603,0,-54.10595821060603
E0034191,CS2,2001-01-15 05:00:00+00:00,31.57906,-90.44065,random night 400,0.0,0.0,0.3610533634200692,-22.857108437754228,0,-99.0
E0056160,CS2,1999-09-19 04:30:00+00:00,47.60621,-122.33207,random night 400,0.0,0.0,0.05982710001990199,-55.74060960645729,0,-65.7406096064573
E0095385,CS1,2002-08-26 04:15:00+00:00,28.81082,-81.87786,random night 400,0.0,0.0,0.06388889346271753,-37.42327161728062,0,-47.42327161728062
E0072268,CS4,2003-01-01 07:55:00+00:00,34.05223,-118.24368,random night 400,0.0,0.0,0.14649305120110512,-32.39840742677475,0,-42.39840742677475
E0015908,CS4,2003-09-16 03:26:00+00:00,47.05116,-122.78081,random night 400,0.0,0.0,-0.009042194578796625,-6.918809925539058,0,-99.0
E0056166,CS2,2002-09-13 05:00:00+00:00,34.49638,-118.32563,random night 400,0.0,0.0,-0.2843749965541065,-41.33953029709778,0,-51.33953029709778
E0024957,CS1,2000-03-14 04:00:00+00:00,35.4212,-94.51466,random night 400,0.0,0.0,-1.3664302434772253,-29.427140335542575,0,-39.427140335542575
E0055881,CS1,2002-06-02 03:00:00+00:00,43.15478,-77.61556,random night 400,0.0,0.0,-0.663988740183413,-55.87813145282025,0,-65.87813145282024
E0062155,CS1,2001-06-04 04:30:00+00:00,36.81614,-100.51987,random night 400,0.0,0.0,0.7031319001689553,-5.956477392588187,0,-15.956477392588187
E0033516,CS2,2001-02-12 04:55:00+00:00,45.32458,-118.08772,random night 400,0.0,0.0,0.018090281169861555,-63.839935087558175,0,-73.83993508755817
E0004354,CS4,1999-07-16 01:50:00+00:00,36.19617,-86.6225,random night 400,0.0,0.0,-0.02637626091018319,-9.417888301367173,0,-99.0
E0095668,CS4,2000-10-02 03:00:00+00:00,45.52345,-122.67621,random night 400,0.0,0.0,0.5254878401756287,-62.186012367438565,0,-72.18601236743856
E0079589,CS1,1999-01-13 02:05:00+00:00,40.23384,-111.65853,random night 400,0.0,0.0,-0.12319815438240767,-24.389962980451294,0,-34.389962980451294
E0019545,CS4,2001-11-18 03:00:00+00:00,38.74261,-75.60437,random night 400,0.0,0.0,0.2997685200534761,-7.603085233587005,0,-99.0
E0039247,CS4,2001-11-08 04:30:00+00:00,38.58157,-121.4944,random night 400,0.0,0.0,-0.6657694601453841,-42.691199318218665,0,-53.79163912910781
E0088565,CS1,2000-12-19 06:00:00+00:00,38.59227,-89.91121,random night 400,0.0,0.0,-1.1581018501892686,2.793694509987294,0,-37.099288371365944
E0033381,CS4,2003-12-23 04:38:00+00:00,20.76462,-156.44578,random night 400,0.0,0.0,0.029999995604157448,-17.824241230541872,0,-27.824241230541872
E0062245,CS1,1999-03-27 10:55:00+00:00,36.66124,-80.92397,random night 400,0.0,0.0,-0.08125190902501345,-47.406173017753616,0,-87.36820400915985
E0053780,CS2,2003-11-18 02:15:00+00:00,42.35843,-71.05977,random night 400,0.0,0.0,-0.08940755994990468,-64.44943628698557,0,-74.44943628698557
E0004356,CS2,2000-07-06 01:00:00+00:00,35.22709,-80.84313,random night 400,0.0,0.0,0.09216435672715306,-62.76777562210778,0,-84.0003353071735
E0033269,CS4,2004-09-01 01:10:00+00:00,41.85003,-87.65005,random night 400,0.0,0.0,0.2637731512077153,-60.63680484907229,0,-70.63680484907229
E0036079,CS4,2001-11-18 10:17:00+00:00,46.90866,-67.82585,random night 400,0.0,0.0,0.6032407423481345,-62.295300488540995,0,-83.88832983628794
E0033741,CS4,2001-08-07 03:30:00+00:00,45.17575,-113.8959,random night 400,0.0,0.0,-0.2988414764404297,-62.6160486129965,0,-72.61604861299651
E0088158,CS2,2004-08-09 22:15:00+00:00,52.37092,-1.26417,random night 400,0.0,0.0,0.10795551352202892,-46.784125054786024,0,-56.784125054786024
E0055261,CS4,2003-09-04 05:45:00+00:00,33.53865,-112.18599,random night 400,0.0,0.0,0.05544423358514905,-15.184340153582776,0,-36.966123421860274
E0095653,CS2,1999-10-22 02:00:00+00:00,53.51684,-113.3187,random night 400,0.0,0.0,-0.0811924864538014,-56.96815631341128,0,-66.96815631341127
E0068333,CS2,1999-03-30 10:00:00+00:00,29.76328,-95.36327,random night 400,0.0,0.0,0.3169078966602683,5.362509378362756,0,-99.0
E0067331,CS2,2002-09-25 03:15:00+00:00,38.95922,-85.89025,random night 400,0.0,0.0,-0.34839654341340065,-40.291148647739604,0,-50.291148647739604
E0020914,CS4,2003-02-14 22:15:00+00:00,42.00249,-5.67826,random night 400,0.0,0.0,0.06194839347153902,-23.02252895995122,0,-33.02252895995122
E0033254,CASE,2004-10-13 04:10:00+00:00,47.45065,-122.82737,random night 400,0.0,0.0,0.36904729111120105,-45.72552071867915,0,-55.72552071867915
E0039109,CS1,2003-09-01 03:57:00+00:00,38.72963,-120.79855,random night 400,0.0,0.0,0.06784722348675132,-38.97861591533955,0,-49.65020930137363
E0056894,CS4,2000-03-03 03:45:00+00:00,42.097,-79.23533,random night 400,0.0,0.0,0.28828094992786646,-61.42641722463185,0,-71.42641722463185
E0056045,CS4,2002-01-15 08:00:00+00:00,45.48649,-73.46223,random night 400,0.0,0.0,0.8474154435098171,-34.98583616741741,0,-44.98583616741741
E0079485,CS2,2000-11-22 05:30:00+00:00,42.86663,-106.31308,random night 400,0.0,0.0,-0.2954805535264313,-34.785424576996604,0,-44.785424576996604
E0056907,CS1,2000-02-02 05:00:00+00:00,35.14648,-90.18454,random night 400,0.0,0.0,0.005792063660919666,-26.766196901434203,0,-44.35020209208195
E0088239,CS4,2002-05-11 06:30:00+00:00,38.47832,-107.87617,random night 400,0.0,0.0,0.4705008235760033,-40.80079629940564,0,-63.608912186317056
E0095249,CS2,2001-07-07 05:30:00+00:00,41.32538,-72.19313,random night 400,0.0,0.0,-1.2335328035987914,-26.623734450453124,0,-36.62373445045313
E0057262,CS1,1999-04-18 02:50:00+00:00,62.22655,-6.58901,random night 400,0.0,0.0,-0.011691794265061617,-60.25210310915139,0,-70.25210310915139
E0024893,CS4,2000-08-19 05:08:00+00:00,47.67399,-122.12151,random night 400,1.0,1.0,-0.905925921164453,44.44222488101984,4,12.977150028213202
E0062181,CASE,2000-11-01 00:30:00+00:00,42.10009,-83.09985,random night 400,0.0,0.0,-0.09792862646281719,-68.34575890823771,0,-78.34575890823771
E0033955,CS1,2000-03-03 02:45:00+00:00,35.98284,-86.5186,random night 400,0.0,0.0,0.24661428341642022,-6.47523165863484,0,-16.47523165863484
E0056364,CS1,2001-05-05 08:15:00+00:00,45.52289,-122.98983,random night 400,0.0,0.0,-0.1796371298842132,-41.72061878178644,0,-51.72061878178644
E0056772,CS1,2000-07-12 06:30:00+00:00,47.22345,-120.99314,random night 400,0.0,0.0,-0.56906249653548,-35.26235519174184,0,-45.26235519174184
E0033263,CS4,2004-09-06 03:10:00+00:00,34.50344,-82.65013,random night 400,0.0,0.0,-0.5078703653998673,-24.165082525360567,0,-42.491654664008784
E0015987,CS2,2004-06-23 02:00:00+00:00,33.836,-79.04781,random night 400,0.0,0.0,-0.04093749634921551,-45.51964063059712,0,-55.51964063059712
E0001221,CS4,1999-01-09 03:00:00+00:00,42.22487,-121.78167,random night 400,1.0,1.0,-0.039950369857251644,22.526656115111695,1,1.7151323316676486
E0053819,CS2,2004-11-03 04:00:00+00:00,41.49705,-71.36728,random night 400,0.0,0.0,0.30112268636003137,-61.26216667736205,0,-71.26216667736205
E0005592,CS4,2000-02-28 10:15:00+00:00,29.76328,-95.36327,random night 400,0.0,0.0,0.9167824033647776,-29.367616630793464,0,-52.18381255091836
E0066991,CS2,2003-01-16 11:00:00+00:00,32.78306,-96.80667,random night 400,0.0,0.0,-0.04703685641288757,8.485613231133563,0,-5.257146063260039
E0016297,CS2,2003-09-29 02:00:00+00:00,39.70471,-105.08137,random night 400,0.0,0.0,-0.050526146311312914,-37.66796662998548,0,-81.74068798257672
E0034003,CS1,1999-11-17 02:45:00+00:00,39.01695,-94.28161,random night 400,0.0,0.0,-0.03144010668620467,-20.618788440033835,0,-30.618788440033835
E0016742,CS1,1999-03-02 03:10:00+00:00,40.71427,-74.00597,random night 400,0.0,0.0,-0.0788383656181395,-64.36764536804544,0,-74.36764536804544
E0016235,CS1,2002-02-12 02:00:00+00:00,33.94001,-118.13257,random night 400,0.0,0.0,0.7043981435708702,-7.122421200958744,0,-99.0
E0056987,CS4,1999-11-26 00:00:00+00:00,35.38488,-77.99277,random night 400,0.0,0.0,-0.010729299858212471,-41.586102138129014,0,-51.586102138129014
E0055784,CS2,2001-08-13 04:20:00+00:00,37.97353,-122.53109,random night 400,0.0,0.0,0.2255315356887877,-59.340391861211906,0,-69.34039186121191
E0088738,CS1,2000-04-08 06:15:00+00:00,38.61047,-122.86916,random night 400,0.0,0.0,-0.7673389837145805,28.366347313803633,0,-99.0
E0062148,CS1,2001-07-29 03:05:00+00:00,45.32052,-92.70493,random night 400,0.0,0.0,-0.00781857781112194,8.373878294448238,0,-24.789651965980617
E0033576,CS2,2003-09-28 04:00:00+00:00,33.76696,-118.18923,random night 400,0.0,0.0,-0.009563993662595749,1.52029203522426,0,-9.208619783818852
E0001130,CS1,2001-08-25 04:20:00+00:00,41.79107,-107.23866,random night 400,0.0,0.0,0.7613773155026138,-55.83616375972853,0,-77.72127583619653
E0095423,CASE,2002-07-07 03:00:00+00:00,39.28065,-80.34453,random night 400,0.0,0.0,0.6747171902097762,-33.22681937855829,0,-99.0
E0067956,CS4,2000-05-10 02:30:00+00:00,31.73212,-84.17074,random night 400,0.0,0.0,-0.708289613481611,-39.74456365498801,0,-49.74456365498801
E0056091,CS2,2000-11-27 04:45:00+00:00,37.55855,-122.27108,random night 400,0.0,0.0,0.38921707635745406,-11.404808992461527,0,-99.0
E0067540,CS4,2002-09-19 00:20:00+00:00,40.87621,-74.02986,random night 400,0.0,0.0,0.5070064789615571,-21.174403801505182,0,-47.16314818166538
E0095444,CS2,2004-05-26 04:15:00+00:00,35.37329,-119.01871,random night 400,0.0,0.0,0.04682870348915458,6.163251970263149,0,-3.8367480297368513
E0088566,CS2,1999-12-07 03:00:00+00:00,45.48706,-122.80371,random night 400,0.0,0.0,-0.471487769857049,-25.197117976133107,0,-99.0
E0033288,CS2,2003-07-10 02:29:00+00:00,34.88927,-94.60078,random night 400,0.0,0.0,-0.06535284779965878,-24.51773050541515,0,-39.600777626726
E0054805,CS2,2003-06-05 09:40:00+00:00,49.10635,-122.82509,random night 400,0.0,0.0,0.07767644803971052,-22.654601819457085,0,-99.0
E0056008,CS2,2004-02-11 03:12:00+00:00,40.77205,-73.93014,random night 400,0.0,0.0,-0.07159748673439026,-34.24261837188763,0,-44.24261837188763
E0079240,CS2,2001-03-20 04:00:00+00:00,28.64777,-96.89249,random night 400,0.0,0.0,-0.18714215327054262,-32.53951903162226,0,-46.39971929923869
E0087505,CS2,2002-09-21 05:14:00+00:00,37.98409,-120.38214,random night 400,0.0,0.0,-0.23804177436977625,-58.0925766995004,0,-68.0925766995004
E0056525,CS4,2001-01-12 05:24:00+00:00,38.95362,-94.73357,random night 400,0.0,0.0,0.8915731701999903,-33.69975758616285,0,-44.94644134686873
E0055501,CS2,2001-04-22 08:00:00+00:00,35.52808,-108.74258,random night 400,0.0,0.0,-0.1642361064441502,-18.12849418331308,0,-33.11803898928137
E0088305,CS2,2000-01-02 23:40:00+00:00,32.34153,-90.32176,random night 400,0.0,0.0,3.1224328111857176,0.36682380617945,0,-9.63317619382055
E0088838,CS1,1999-10-24 03:00:00+00:00,33.08901,-96.88639,random night 400,0.0,0.0,-0.018939539790153503,-68.67927534122009,0,-78.67927534122009
E0007574,CS2,2003-07-09 08:00:00+00:00,38.01714,-122.28858,random night 400,0.0,0.0,-0.1475231465883553,6.729180765243988,0,-16.50012107145782
E0095127,CS2,2001-11-18 07:30:00+00:00,38.58157,-121.4944,random night 400,0.0,0.0,0.4872685200534761,9.490095493056177,0,-99.0
E0007523,CS1,2003-05-15 05:30:00+00:00,34.22834,-118.53675,random night 400,0.0,0.0,0.06910100672394037,2.5121792561766094,0,-28.002748333777784
E0035971,CS4,2004-05-23 04:00:00+00:00,42.1103,-88.03424,random night 400,0.0,0.0,0.04447225667536259,-30.43733174020536,0,-40.43733174020536
E0067984,CS4,2000-02-20 05:15:00+00:00,34.08057,-118.07285,random night 400,0.0,0.0,-0.17623509978875518,-47.49722233179541,0,-68.49660599296902
E0001192,CS1,1999-10-26 02:25:00+00:00,32.22174,-110.92648,random night 400,0.0,0.0,-0.02248323569074273,-63.765767684216314,0,-79.14859368291373
E0072192,CS2,2002-09-01 01:45:00+00:00,40.70491,-74.31723,random night 400,0.0,0.0,-0.7101942133158445,-39.499197106507125,0,-49.499197106507125
E0088837,CS1,1999-10-26 10:10:00+00:00,34.18667,-118.44897,random night 400,0.0,0.0,0.23659264110028744,-32.05327116540388,0,-42.05327116540388
E0034249,CS2,1999-11-03 04:00:00+00:00,33.42227,-111.82264,random night 400,0.0,0.0,-0.0023241033777594566,-49.30457268546643,0,-59.30457268546643
E0020840,CASE,2004-10-01 03:00:00+00:00,47.41787,-122.63097,random night 400,0.0,0.0,-3.71099537005648,-65.09578406046374,0,-75.09578406046374
E0079348,CS4,2001-05-03 05:00:00+00:00,33.66946,-117.82311,random night 400,0.0,0.0,0.04641203349456191,-39.79920646463659,0,-49.79920646463659
E0067426,CS2,2004-05-14 03:54:00+00:00,45.50884,-73.58781,random night 400,0.0,0.0,0.02184296026825905,-59.51996628797076,0,-69.51996628797076
E0087482,CS1,2004-10-08 08:30:00+00:00,42.33176,-71.12116,random night 400,0.0,0.0,-0.4581481437198818,-35.024636487085914,0,-45.024636487085914
E0072231,CS2,2001-06-04 03:30:00+00:00,34.17482,-86.84361,random night 400,0.0,0.0,0.6614652336575091,-65.4753469746338,0,-75.4753469746338
E0055212,CS4,2003-09-25 08:00:00+00:00,44.38941,-93.73023,random night 400,0.0,0.0,-0.03542510652914643,-63.07076795735393,0,-73.07076795735392
E0033726,CS4,2001-08-28 04:50:00+00:00,49.10635,-122.82509,random night 400,0.0,0.0,0.43430136889219284,-59.45728863019424,0,-69.45728863019424
E0007778,CS1,1999-03-20 22:57:00+00:00,53.33306,-6.24889,random night 400,0.0,0.0,0.08632755978032947,-27.840433604269773,0,-37.840433604269776
E0056487,CS2,2000-02-18 01:05:00+00:00,42.76564,-73.23594,random night 400,0.0,0.0,0.2133315489627421,-43.49200720472032,0,-71.13189337339945
E0087998,CS1,2003-04-26 05:30:00+00:00,47.59623,-120.66148,random night 400,0.0,0.0,-0.2210554233752191,-47.229736145639485,0,-99.0
E0072228,CS4,2003-06-07 03:30:00+00:00,41.85059,-87.79367,random night 400,0.0,0.0,0.027214933652430773,-61.49136714235367,0,-81.08391815229317
E0053344,CS2,2004-09-27 11:30:00+00:00,29.91104,-91.66345,random night 400,0.0,0.0,4.671712846495211,-36.599953838587204,0,-46.599953838587204
E0056467,CS1,2001-03-25 01:00:00+00:00,34.24788,-88.99867,random night 400,0.0,0.0,-0.17302075354382396,-46.417985383213484,0,-56.417985383213484
E0033860,CS1,2000-10-10 23:45:00+00:00,43.41947,-83.95081,random night 400,0.0,0.0,0.0752083333209157,7.525974475035659,0,-2.4740255249643406
E0057026,CS4,1999-10-30 04:00:00+00:00,34.09834,-118.32674,random night 400,0.0,0.0,0.0202828967012465,2.418189301296647,0,-13.93143097285969
E0088352,CS1,2001-11-07 02:45:00+00:00,34.14862,-118.39647,random night 400,0.0,0.0,-1.7386861266568303,-43.638852701125764,0,-53.638852701125764
E0024609,CS4,2002-08-03 04:30:00+00:00,43.18475,-84.11497,random night 400,0.0,0.0,-0.2806712999008596,-27.45874143622985,0,-37.45874143622985
E0056113,CS1,2001-11-15 00:05:00+00:00,32.77347,-92.4057,random night 400,0.0,0.0,-0.7730228481814265,-46.118258685544575,0,-56.16504536612258
E0056341,CASE,2001-06-14 01:30:00+00:00,42.71589,-78.82948,random night 400,0.0,0.0,-0.3416599901393056,-49.73289656819714,0,-86.24914342118846
E0056340,CS1,2001-06-08 11:00:00+00:00,49.24966,-123.11934,random night 400,0.0,0.0,0.6327300532720983,-29.95737435761567,0,-39.95737435761567
E0024321,CS4,2004-02-11 05:00:00+00:00,33.15067,-96.82361,random night 400,0.0,0.0,0.003402513451874256,-25.73541068676184,0,-35.73541068676184
E0004051,CS1,2004-03-16 11:12:00+00:00,34.09834,-118.32674,random night 400,0.0,0.0,0.017802226822823286,-9.09972293170255,0,-21.66957193424518
E0055016,CASE,2004-01-09 06:12:00+00:00,32.95457,-97.01501,random night 400,0.0,0.0,0.10247833328321576,-24.559590651847547,0,-44.70642695219031
E0021054,CS2,2001-12-25 05:30:00+00:00,44.9429,-123.0351,random night 400,0.0,0.0,0.7499723564833403,-57.85769426338697,0,-67.85769426338697
E0003977,CS2,2004-03-03 03:30:00+00:00,35.222,-101.8313,random night 400,0.0,0.0,0.03159916354343295,-36.57768992267041,0,-46.57768992267041
E0072051,CS4,2004-07-15 04:00:00+00:00,43.15751,-87.90175,random night 400,1.0,1.0,-0.5605208333581686,16.39846774101474,4,6.398467741014741
E0095326,CS2,2003-12-01 01:12:00+00:00,38.78928,-77.1872,random night 400,0.0,0.0,0.0024999999441206455,-26.562736403493204,0,-69.65374601270656
E0004089,CS1,2003-10-05 09:45:00+00:00,37.6391,-120.99688,random night 400,0.0,0.0,-0.03532407013699412,-19.966598719538144,0,-40.61218747595378
E0056212,CS2,1999-08-24 02:30:00+00:00,32.93429,-97.07807,random night 400,0.0,0.0,-0.11793641326949,9.062468167860583,0,-0.9375318321394168
E0055890,CS1,2002-06-03 05:36:00+00:00,48.75955,-122.48822,random night 400,1.0,1.0,-0.2098911264911294,27.361010975168952,2,8.203441250552647
E0056019,CS2,2001-02-06 03:30:00+00:00,47.65966,-117.42908,random night 400,0.0,0.0,-1.0644504465162754,-55.37032874190656,0,-71.21534965640001
E0033124,CS2,2004-09-24 02:30:00+00:00,32.22174,-110.92648,random night 400,0.0,0.0,1.2967128464952111,-50.69750135468983,0,-80.39418428929838
E0016637,CS4,1999-11-01 01:00:00+00:00,33.45984,-94.41548,random night 400,0.0,0.0,-0.1480445135384798,-56.148160544304,0,-78.4697808201492
E0057157,CS4,1999-07-22 07:00:00+00:00,30.26715,-97.74306,random night 400,0.0,0.0,-0.2163089932873845,-40.75857851237368,0,-56.9070846439919
E0079421,CS2,2002-07-17 05:10:00+00:00,42.56297,-114.46087,random night 400,0.0,0.0,-0.5891203721985221,-9.647241101908511,0,-27.531544419938612
E0007592,CS1,2002-05-02 04:20:00+00:00,34.05223,-118.24368,random night 400,0.0,0.0,0.35467413533478975,-47.471234323512306,0,-64.02375482100172
E0024801,CS4,2001-04-08 00:21:00+00:00,42.46037,-71.34895,random night 400,0.0,0.0,-0.4236068264581263,-53.416514451720985,0,-63.416514451720985
E0035988,CS4,2003-11-09 01:30:00+00:00,47.94454,-122.30458,random night 400,0.0,0.0,0.2515046298503876,-37.5830366522267,0,-49.62173073556125
E0067576,CS1,2002-08-10 05:15:00+00:00,36.17497,-115.13722,random night 400,0.0,0.0,0.40656366012990475,-21.86933751338322,0,-99.0
E0033364,CS1,2004-01-20 04:05:00+00:00,27.94752,-82.45843,random night 400,0.0,0.0,0.03808913892135024,-50.40415585651964,0,-60.40415585651964
E0095694,CS4,2000-07-09 05:50:00+00:00,33.44838,-112.07404,random night 400,0.0,0.0,-0.2008768143132329,-50.27324093256999,0,-60.27324093256999
E0056872,CS1,2000-03-13 04:00:00+00:00,32.22174,-110.92648,random night 400,0.0,0.0,0.6282184766605496,-59.822941690002175,0,-69.82294169000218
E0017803,CS2,2004-09-22 02:00:00+00:00,33.44838,-112.07404,random night 400,0.0,0.0,0.5050694434903562,-34.55077961062464,0,-44.55077961062464
E0074672,CS4,2000-04-16 03:00:00+00:00,28.1489,-80.58839,random night 400,0.0,0.0,2.665519650094211,-19.493509843640876,0,-29.493509843640876
E0005443,CS2,2002-11-01 07:24:00+00:00,49.28124,-122.82457,random night 400,0.0,0.0,-0.48540691705420613,-34.79610062262389,0,-59.49576206567726
E0067976,CASE,2000-03-10 00:45:00+00:00,44.45923,-69.67755,random night 400,0.0,0.0,0.15937560005113482,-43.71043095380516,0,-78.64402955932609
E0055280,CS1,2003-08-03 05:55:00+00:00,35.08449,-106.65114,random night 400,0.0,0.0,0.10765046812593937,21.257348129061747,0,-12.041782430579747
E0033824,CS1,2001-01-19 03:45:00+00:00,38.25445,-104.60914,random night 400,0.0,0.0,0.30271987011656165,-27.40098208686635,0,-99.0
E0056723,CASE,2000-07-28 03:13:00+00:00,33.30616,-111.84125,random night 400,0.0,0.0,0.31296296790242195,-35.575151480928874,0,-45.575151480928874
E0004349,CS4,1999-08-16 00:30:00+00:00,42.19398,-71.76007,random night 400,0.0,0.0,-0.20124875660985708,-23.492695883299916,0,-33.492695883299916
E0055738,CS2,2000-09-09 08:00:00+00:00,42.27926,-71.41617,random night 400,0.0,0.0,-0.15020207641646266,-21.122309531381998,0,-31.122309531381998
E0095508,CASE,2001-11-10 03:30:00+00:00,41.4995,-81.69541,random night 400,0.0,0.0,0.6044560233131051,-47.72600251080569,0,-57.72600251080569
E0027051,CASE,2004-12-17 06:50:00+00:00,41.16161,-112.02633,random night 400,0.0,0.0,0.4577762121334672,-21.98394647902962,0,-40.729260931170565
E0024684,CS1,2002-01-05 01:00:00+00:00,42.05009,-82.59981,random night 400,0.0,0.0,1.184353496413678,-48.92352865921649,0,-58.92352865921649
E0036001,CS4,2003-09-11 07:30:00+00:00,47.8124,-116.89659,random night 400,0.0,0.0,-0.11921295989304781,-65.78863644213017,0,-75.78863644213017
E0095592,CS1,2001-04-20 05:00:00+00:00,44.88719,-89.62012,random night 400,0.0,0.0,0.0478356434032321,-9.888690090824738,0,-19.88869009082474
E0021076,CS1,1999-01-09 00:45:00+00:00,32.00355,-80.97372,random night 400,0.0,0.0,-0.13370036985725164,-52.97842081417808,0,-62.97842081417808
E0024956,CS2,1999-03-10 12:37:00+00:00,40.70911,-112.10161,random night 400,0.0,0.0,-0.21434688568115234,-42.830620993098265,0,-54.43066005213833
E0074512,CASE,2003-11-21 00:00:00+00:00,43.19472,-88.72899,random night 400,0.0,0.0,0.1917712800204754,7.123396039469134,0,-4.928431461237447
E0054923,CS4,2004-03-26 07:30:00+00:00,33.50921,-111.89903,random night 400,0.0,0.0,0.09737291000783443,-58.589810759906584,0,-68.58981075990658
E0056219,CS4,2001-08-19 03:30:00+00:00,41.57721,-93.71133,random night 400,0.0,0.0,-0.10416666651144624,-61.471447179508374,0,-79.05794962747345
E0055475,CS2,2002-05-19 05:00:00+00:00,-22.90642,-43.18223,random night 400,0.0,0.0,0.3953703735023737,-52.54313970854226,0,-62.54313970854226
E0039025,CS4,2004-05-10 06:37:00+00:00,49.8844,-97.14704,random night 400,0.0,0.0,0.02613666420802474,-54.073860290969144,0,-64.07386029096915
E0039368,CS1,1999-11-20 01:50:00+00:00,33.84918,-118.38841,random night 400,0.0,0.0,-0.06768896104767919,-64.68342011734431,0,-75.18910854505206
E0055216,CS4,2003-09-24 02:00:00+00:00,45.74525,-87.06458,random night 400,0.0,0.0,-0.04479166632518172,0.9548654103120449,0,-99.0
E0056804,CS4,2000-06-23 03:35:00+00:00,44.9133,-93.50329,random night 400,0.0,0.0,0.6926293354481459,-63.58058828253721,0,-73.5805882825372
E0016776,CS2,1999-11-23 01:08:00+00:00,41.76371,-72.68509,random night 400,0.0,0.0,0.03327004238963127,-34.50383798015301,0,-44.50383798015301
E0039281,CS2,2002-05-27 06:00:00+00:00,47.21509,-123.10071,random night 400,1.0,1.0,0.05504994001239538,73.79275767868187,7,12.255122588131595
E0079529,CS4,1999-07-19 02:30:00+00:00,39.42845,-74.49571,random night 400,0.0,0.0,0.054905366618186235,-49.07725438359972,0,-71.27382150922773
E0094931,CS2,2002-09-13 02:05:00+00:00,40.8,-96.66696,random night 400,0.0,0.0,-0.4059027745388448,-30.792387966865622,0,-51.07847076551184
E0088481,CS4,2001-05-11 04:20:00+00:00,39.27252,-76.60688,random night 400,0.0,0.0,0.39093646546825767,-52.47856961244066,0,-62.47856961244066
E0024971,CS4,2000-01-03 05:37:00+00:00,44.05817,-121.31531,random night 400,0.0,0.0,-3.3336472720839083,-38.907709693772944,0,-48.907709693772944
E0055116,CS2,2001-11-18 18:00:00+00:00,53.68331,-1.49768,random night 400,0.0,0.0,0.9247685200534761,-37.04001796119078,0,-53.947664585570955
E0007743,CS2,2001-09-04 09:00:00+00:00,27.94752,-82.45843,random night 400,0.0,0.0,1.5503472201526165,-35.89705985383619,0,-74.77951019957281
E0033624,CS4,2002-06-11 21:30:00+00:00,45.27152,27.97429,random night 400,0.0,0.0,0.07776890369132161,-0.9331723199591635,0,-12.979753213200466
E0067337,CASE,2003-09-20 01:30:00+00:00,39.51477,-86.7939,random night 400,0.0,0.0,-0.05575268995016813,-42.36517774929916,0,-62.22923780023264
E0056707,CS1,2000-08-21 04:30:00+00:00,36.74773,-119.77237,random night 400,0.0,0.0,1.0676851901225746,7.939135379154783,0,-2.0608646208452166
E0067914,CS4,2000-08-11 06:00:00+00:00,42.09869,-75.91797,random night 400,0.0,0.0,0.452974540181458,-3.038740454563315,0,-23.670402844391866
E0038997,CASE,2004-08-16 04:12:00+00:00,44.94441,-93.09327,random night 400,0.0,0.0,2.340197749901563,-39.291822771046085,0,-49.291822771046085
E0055200,CS2,2002-09-30 05:00:00+00:00,47.61038,-122.20068,random night 400,0.0,0.0,-0.214179546572268,-7.55434471481715,0,-17.554344714817148
E0072340,CS1,2002-05-30 06:05:00+00:00,46.99651,-120.54785,random night 400,0.0,0.0,0.8040608922019601,-17.66798698584846,0,-27.66798698584846
E0067063,CS1,2004-08-04 01:15:00+00:00,44.44171,-73.67458,random night 400,0.0,0.0,0.2730402937158942,-23.38661752823356,0,-99.0
E0033839,CS4,2000-12-21 06:00:00+00:00,34.42639,-117.30088,random night 400,0.0,0.0,-0.6098862998187542,-26.825142563741903,0,-57.076223783381074
E0024855,CS1,2000-11-05 04:15:00+00:00,28.66748,-99.17059,random night 400,0.0,0.0,0.477672993671149,-38.060051164258745,0,-56.66229929153504
E0072576,CS1,1999-10-06 03:05:00+00:00,41.79586,-87.97562,random night 400,0.0,0.0,-0.0022825179621577263,-15.567936841429463,0,-99.0
E0079514,CS1,1999-08-05 03:30:00+00:00,39.072,-85.2519,random night 400,0.0,0.0,-0.0018469966016709805,-17.277168849087843,0,-99.0
E0072442,CS4,2001-05-13 04:00:00+00:00,31.12406,-97.90308,random night 400,0.0,0.0,-0.3000646336004138,-47.13627800073975,0,-57.13627800073975
E0033152,CS2,2004-07-01 01:35:00+00:00,34.75405,-77.43024,random night 400,0.0,0.0,-0.09719771798700094,-37.7025125806902,0,-53.86999430207986
E0039225,CS1,2001-12-08 01:00:00+00:00,42.67807,-88.2762,random night 400,0.0,0.0,-0.4415509235113859,-30.805865379877524,0,-75.88083203219082
E0017825,CS1,2003-01-31 06:00:00+00:00,33.11921,-117.08642,random night 400,0.0,0.0,0.052964420057833195,-13.348962485496962,0,-27.649299040247026
E0056237,CS4,2001-08-14 02:30:00+00:00,42.36363,-87.84479,random night 400,1.0,1.0,0.19456910667940974,27.550278043799356,4,13.015622850602327
E0055135,CS2,2001-11-10 22:55:00+00:00,41.53815,-72.80704,random night 400,0.0,0.0,1.4134838008321822,-42.848201465366586,0,-52.848201465366586
E0067003,CS2,2002-12-24 14:30:00+00:00,33.14337,-117.16614,random night 400,0.0,0.0,1.0740959863178432,-26.450192465852897,0,-36.45019246585289
E0088581,CS2,2001-11-20 01:00:00+00:00,32.63958,-96.53832,random night 400,0.0,0.0,2.2164351865649223,-24.618506028440198,0,-99.0
E0067148,CS2,2002-05-22 03:35:00+00:00,42.1103,-88.03424,random night 400,0.0,0.0,-0.3800208945758641,-46.33008643822352,0,-56.33008643822352
E0072476,CS1,2001-01-20 06:30:00+00:00,47.81065,-122.37736,random night 400,0.0,0.0,-1.275243056472391,-53.171788615979466,0,-63.171788615979466
E0033399,CS2,2004-11-19 00:30:00+00:00,36.34335,-106.18864,random night 400,0.0,0.0,0.18489299342036247,-30.7402898820226,0,-40.7402898820226
E0088745,CS4,2000-03-27 03:45:00+00:00,40.90399,-74.11848,random night 400,0.0,0.0,0.9919317001476884,-35.20406192518177,0,-59.270343879471596
E0038929,CS2,2004-03-14 02:45:00+00:00,55.95206,-3.19648,random night 400,0.0,0.0,0.024189713411033154,-49.08489257659197,0,-59.08489257659197
E0095848,CS2,2001-06-27 09:00:00+00:00,47.25288,-122.44429,random night 400,0.0,0.0,-0.14515045983716846,-45.965941396231806,0,-61.054175109945305
E0016199,CS2,2000-05-05 03:45:00+00:00,38.2098,-84.25299,random night 400,0.0,0.0,0.9924355801194906,-48.391170278601415,0,-58.391170278601415
E0055977,CS4,2002-03-28 23:54:00+00:00,43.94617,-76.11909,random night 400,0.0,0.0,0.1658496530726552,-63.341640519697464,0,-73.34164051969746
E0024333,CS4,2004-01-07 05:45:00+00:00,35.08449,-106.65114,random night 400,0.0,0.0,0.06204783357679844,-0.40870645439839715,0,-45.993057242749195
E0062210,CS1,2000-01-30 04:30:00+00:00,46.87497,-96.90036,random night 400,0.0,0.0,-0.3499884298071265,-18.868940693601438,0,-99.0
E0056497,CS4,2001-02-08 11:30:00+00:00,27.94752,-82.45843,random night 400,0.0,0.0,-0.06610306352376938,-25.924548506668472,0,-64.075151980274
E0039220,CS2,2003-01-15 05:10:00+00:00,43.03867,-78.8642,random night 400,0.0,0.0,0.03875284781679511,-30.90979872324453,0,-49.019401585387314
E0055518,CS4,2003-03-26 06:00:00+00:00,33.19122,-101.379,random night 400,0.0,0.0,0.0871574399061501,-46.061665117512796,0,-56.061665117512796
E0087939,CS2,2002-07-11 05:12:00+00:00,47.67591,-117.11821,random night 400,0.0,0.0,0.7291972269304097,-51.60520473665354,0,-62.68370709779689
E0024211,CS1,2004-08-24 09:00:00+00:00,41.92121,-73.06011,random night 400,0.0,0.0,-0.156782410107553,14.093968470349468,0,-99.0
E0016186,CS4,2002-06-02 09:00:00+00:00,33.66766,-79.83063,random night 400,0.0,0.0,-0.41398874018341303,-35.12153995022122,0,-45.12153995022122
E0027168,CS4,2002-02-03 02:00:00+00:00,33.9809,-81.14286,random night 400,0.0,0.0,0.5452546332962811,-37.85997043427011,0,-47.85997043427011
E0007603,CS1,2001-12-21 12:00:00+00:00,31.68323,-92.13374,random night 400,0.0,0.0,-0.9932509399950504,-36.4040124725423,0,-46.4040124725423
E0015885,CS4,2003-10-18 03:00:00+00:00,34.05223,-118.24368,random night 400,0.0,0.0,-0.011226850096136332,-19.359833861003523,0,-29.359833861003523
E0019400,CS1,2004-11-13 05:20:00+00:00,35.27842,-93.13379,random night 400,0.0,0.0,-0.29444444784894586,-61.572059478794635,0,-71.57205947879464
E0079588,CS4,1999-01-25 09:15:00+00:00,34.95303,-120.43572,random night 400,0.0,0.0,-0.1503929835744202,-43.40281800254185,0,-53.40281800254185
E0067604,CS1,2002-06-16 09:40:00+00:00,33.44838,-112.07404,random night 400,0.0,0.0,-0.015300922095775604,-32.51157206499207,0,-55.77840432499714
E0087852,CS4,2003-09-29 12:00:00+00:00,43.6135,-116.20345,random night 400,0.0,0.0,0.04056712985038757,-44.99081275142854,0,-54.99081275142854
E0005613,CS2,2000-10-09 05:30:00+00:00,45.56486,-117.91743,random night 400,0.0,0.0,0.024922226555645466,-65.9978517273475,0,-75.9978517273475
E0015621,CS1,2004-11-01 22:00:00+00:00,51.50853,-0.12574,random night 400,0.0,0.0,0.42393338633701205,5.88936324951918,0,-99.0
E0072223,CS1,2003-06-02 15:10:00+00:00,3.1412,101.68653,random night 400,0.0,0.0,-0.18678680527955294,-13.195297209251624,0,-26.767145384536438
E0054890,CS4,2004-04-12 04:50:00+00:00,34.05223,-118.24368,random night 400,0.0,0.0,0.03206018917262554,-55.42464603792366,0,-74.66696908098922
E0016301,CASE,2001-09-16 12:30:00+00:00,1.28967,103.85007,random night 400,0.0,0.0,0.054053273517638445,-33.09140713163553,0,-64.13279071626846
E0033941,CS4,2000-04-09 08:10:00+00:00,33.49838,-112.13432,random night 400,0.0,0.0,0.3125221277587116,1.3073852707944982,0,-99.0
E0017832,CS4,2002-06-29 10:45:00+00:00,32.22174,-110.92648,random night 400,0.0,0.0,0.9612322063185275,-13.882654279001905,0,-23.882654279001905
E0067085,CS4,2004-08-21 02:00:00+00:00,47.5019,-52.80324,random night 400,0.0,0.0,0.31102304346859455,-33.249955932791146,0,-43.249955932791146
E0007312,CS2,2003-11-05 23:00:00+00:00,43.5789,-79.6583,random night 400,0.0,0.0,0.1552083333954215,-39.85542438324479,0,-51.92823544174566
E0055376,CS4,2003-07-22 08:05:00+00:00,42.97866,-82.40407,random night 400,1.0,1.0,-0.06672825431451201,61.58159399164754,4,13.238981898589472
E0067663,CS2,2000-01-01 05:00:00+00:00,40.74482,-73.94875,random night 400,0.0,0.0,1.3446550336666405,-7.158820948459505,0,-36.46020041123355
E0033668,CS1,2002-01-16 04:00:00+00:00,40.2969,-111.69465,random night 400,0.0,0.0,-0.3770708632655442,-52.280729299357475,0,-62.280729299357475
E0056260,CS2,2000-08-02 03:40:00+00:00,44.76306,-85.62063,random night 400,0.0,0.0,-0.6576388920657337,1.8560305682996978,0,-24.306998284845733
E0055065,CS2,2002-12-11 01:00:00+00:00,38.25445,-104.60914,random night 400,0.0,0.0,-0.8209017235785723,-1.0952046120954464,0,-99.0
E0039212,CS1,2002-02-19 03:50:00+00:00,49.68657,-124.9936,random night 400,0.0,0.0,0.7026736121624708,-45.00172832959516,0,-55.00172832959516
E0066991,CS2,2004-01-15 11:00:00+00:00,32.78306,-96.80667,random night 400,0.0,0.0,-0.0269154766574502,-43.441007130547014,0,-69.19127398602414
E0001112,CS2,2003-03-16 00:10:00+00:00,43.40785,-73.25955,random night 400,0.0,0.0,0.1187268546782434,-27.06191319960645,0,-41.53137539658225
E0054303,CS2,2003-02-06 01:15:00+00:00,36.15398,-95.99277,random night 400,0.0,0.0,0.16461015352979302,-56.053973952321094,0,-78.72472374980927
E0080934,CS4,2002-07-21 04:35:00+00:00,34.29788,-83.82407,random night 400,0.0,0.0,-0.622129627969116,25.206856756987168,0,-17.167006118951488
E0027076,CS2,2002-03-23 06:10:00+00:00,33.44838,-112.07404,random night 400,0.0,0.0,-0.2794647756963968,41.71112124154469,0,-99.0
E0033553,CS2,2000-11-03 04:00:00+00:00,47.81065,-122.37736,random night 400,0.0,0.0,0.06392908655107021,-9.99257348000701,0,-19.99257348000701
E0033515,CS4,2003-02-15 02:30:00+00:00,35.06535,-85.24912,random night 400,0.0,0.0,-0.09027777332812548,-60.50452930073034,0,-70.50452930073034
E0072684,CS2,1999-02-14 03:50:00+00:00,39.16261,-76.62469,random night 400,0.0,0.0,-0.013601087965071201,-40.68198759586697,0,-50.68198759586697
E0078922,CS4,2004-05-17 04:30:00+00:00,33.97612,-117.90534,random night 400,0.0,0.0,0.058477439917624,7.073938801593416,0,-2.9260611984065843
E0007609,CS4,2001-11-02 02:00:00+00:00,35.99403,-78.89862,random night 400,0.0,0.0,0.2055831733159721,-28.491612244002933,0,-38.49161224400294
E0054560,CS1,2004-09-23 03:35:00+00:00,36.67774,-121.6555,random night 400,0.0,0.0,0.3418517354875803,-51.21220164184985,0,-79.77996517960091
E0033567,CS1,2002-10-16 00:20:00+00:00,40.00845,-75.26046,random night 400,0.0,0.0,0.09722221922129393,-67.10010536154024,0,-77.10010536154024
E0055853,CS4,2002-07-07 02:45:00+00:00,45.94711,-66.64471,random night 400,0.0,0.0,0.6643005236983299,-47.905913435464434,0,-63.659941989913015
E0034016,CS2,2000-11-15 01:30:00+00:00,41.1306,-85.12886,random night 400,0.0,0.0,-1.464146529790014,-39.27565077566969,0,-49.27565077566969
E0087439,CASE,2004-11-28 00:00:00+00:00,32.20487,-95.85552,random night 400,0.0,0.0,0.29867031006142497,-35.27435227120037,0,-45.27435227120037
E0088403,CS4,2001-09-05 06:40:00+00:00,42.33143,-83.04575,random night 400,0.0,0.0,-1.052615742199123,-32.15567834310133,0,-99.0
E0039103,CS4,2003-08-21 02:00:00+00:00,39.13955,-76.54774,random night 400,0.0,0.0,-0.03443286661058664,-51.45762051450438,0,-68.29960749586381
E0033541,CASE,2002-12-02 10:15:00+00:00,40.11842,-77.18998,random night 400,0.0,0.0,0.2454220033250749,-29.717450215970405,0,-54.7866596013802
E0054513,CS1,2004-10-14 00:30:00+00:00,44.18339,-81.63307,random night 400,0.0,0.0,0.38426701352000237,-27.797703230507185,0,-37.79770323050718
E0016235,CS4,2002-02-05 02:00:00+00:00,37.48522,-122.23635,random night 400,1.0,1.0,0.5586226833984256,32.249768602145295,6,2.6071095659365673
E0078714,CS2,2003-07-18 05:00:00+00:00,37.77965,-119.07542,random night 400,0.0,0.0,0.05018793325871229,-40.93200074979575,0,-50.93200074979575
E0001073,CS1,2003-02-28 05:00:00+00:00,33.44838,-112.07404,random night 400,0.0,0.0,0.02332176361232996,-45.77142846951237,0,-55.77142846951237
E0018209,CS2,2000-07-16 03:19:00+00:00,50.72048,-1.8795,random night 400,0.0,0.0,0.17596125463023782,-12.41434182139813,0,-22.414341821398132
E0034079,CS4,1999-10-15 06:00:00+00:00,40.56233,-74.13986,random night 400,0.0,0.0,0.11071973014622927,-68.5034775199916,0,-78.5034775199916
E0015930,CS2,2001-09-08 06:30:00+00:00,45.52289,-122.98983,random night 400,0.0,0.0,1.9404398133046925,-44.168923569692524,0,-54.168923569692524
E0087343,CS2,2004-04-02 02:30:00+00:00,43.19147,-71.67535,random night 400,0.0,0.0,-0.061527063604444265,6.791917132880801,0,-99.0
E0005507,CASE,2002-07-24 05:05:00+00:00,34.19731,-118.64398,random night 400,0.0,0.0,2.398703705519438,-26.801912657652164,0,-36.80191265765217
E0033410,CS4,2003-10-25 06:30:00+00:00,40.71427,-74.00597,random night 400,0.0,0.0,0.12865740340203047,-16.261955257847553,0,-99.0
E0001119,CS2,2000-01-11 04:10:00+00:00,33.39437,-104.52491,random night 400,0.0,0.0,0.9505787012167275,-16.51985116788911,0,-26.51985116788911
E0036003,CASE,2003-09-05 04:40:00+00:00,48.50389,-122.23611,random night 400,0.0,0.0,-0.01501090545207262,-24.792384067319656,0,-99.0
E0072013,CS2,2003-09-24 02:00:00+00:00,38.18397,-83.43268,random night 400,0.0,0.0,-0.04479166632518172,-1.572674238680966,0,-99.0
E0067611,CS1,2002-05-23 02:09:00+00:00,37.55376,-77.46026,random night 400,0.0,0.0,0.5602568830363452,8.568688846721898,0,-24.981366919407623
