EVENT_ID,point_utc,lat,lon,pipe_n1500,launch,LV,launch_utc,site,dt_launch_minus_point_h,dist_km,counts
E0058337,1975-01-17 23:00:00+00:00,42.65258,-73.75623,4.0,1975-W47  ,Super Loki,1975-01-17 21:00:00+00:00,WI,-2.0,555.8,True
E0058337,1975-01-17 23:00:00+00:00,42.65258,-73.75623,4.0,1975-W67  ,Rocketsonde,1975-01-17 21:49:59+00:00,WI,-1.167,555.8,True
E0058337,1975-01-17 23:00:00+00:00,42.65258,-73.75623,4.0,1975-W48  ,Super Loki,1975-01-17 21:50:00+00:00,WI,-1.167,555.8,True
E0058337,1975-01-17 23:00:00+00:00,42.65258,-73.75623,4.0,1975-S39  ,Ute Tomahawk,1975-01-17 22:43:00+00:00,WI,-0.283,555.8,True
E0058337,1975-01-17 23:00:00+00:00,42.65258,-73.75623,4.0,1975-W61  ,Super Loki,1975-01-18 00:01:00+00:00,WI,1.017,555.8,False
E0058337,1975-01-17 23:00:00+00:00,42.65258,-73.75623,4.0,1975-W68  ,Super Loki,1975-01-18 00:12:00+00:00,WI,1.2,555.8,False
E0058337,1975-01-17 23:00:00+00:00,42.65258,-73.75623,4.0,1975-W70  ,Rocketsonde,1975-01-18 01:13:59+00:00,WI,2.233,555.8,False
E0058337,1975-01-17 23:00:00+00:00,42.65258,-73.75623,4.0,1975-W69  ,Super Loki,1975-01-18 01:14:00+00:00,WI,2.233,555.8,False
E0026219,1968-01-09 02:00:00+00:00,32.22174,-110.92648,1.0,1968-W278  ,Arcas,1968-01-09 00:50:00+00:00,WS,-1.167,413.6,True
E0068870,1964-04-16 00:00:00+00:00,38.11118,-85.87024,1.0,1964-S210  ,Javelin,1964-04-15 23:25:00+00:00,WI,-0.583,910.8,True
