test_id,timestamp_utc,family,phase,hypothesis,variable_a,variable_b,variable_c,window,radius_km,model,subset,split,control_strategy,n_cases,n_controls,n_strata,effect_measure,effect,ci_low,ci_high,p_value,direction,notes
T000002,2026-10-04T06:55:01Z,positive_control,positive_control,meteor shower ZHR>=50 night,x_shower50,,,,,conditional_logit,meteor_like,discovery,CS1,9688,33300.0,9688.0,OR,1.528041170224143,1.3122756042660226,1.7792831096680497,4.784072183381436e-08,+,"exposed: cases 0.0254, controls 0.0154"
T000003,2026-10-04T06:55:01Z,positive_control,positive_control,meteor shower ZHR>=50 night,x_shower50,,,,,conditional_logit,meteor_like,discovery,CS2,9688,38752.0,9688.0,OR,1.0350274804711908,0.8799925398941656,1.217376098960318,0.6775246003436477,+,"exposed: cases 0.0254, controls 0.0247"
T000004,2026-10-04T06:55:02Z,positive_control,positive_control,meteor shower ZHR>=50 night (specificity: non-meteor reports),x_shower50,,,,,conditional_logit,non_meteor_like,discovery,CS1,30844,106590.0,30844.0,OR,1.0947215951356342,0.9961731519360464,1.2030191423320395,0.0600622502144457,+,"exposed: cases 0.0188, controls 0.0159"
T000005,2026-10-04T06:55:02Z,positive_control,positive_control,meteor shower ZHR>=50 night (specificity: non-meteor reports),x_shower50,,,,,conditional_logit,non_meteor_like,discovery,CS2,30844,123376.0,30844.0,OR,0.7815729530852187,0.7071568863946087,0.8638200274181852,1.3814954125982593e-06,-,"exposed: cases 0.0188, controls 0.0228"
T000006,2026-10-04T06:55:03Z,positive_control,positive_control,meteor outburst/storm +-1 d,x_outburst,,,,,conditional_logit,meteor_like,discovery,CS1,9688,33300.0,9688.0,OR,2.9887167994069146,2.304634481366361,3.875854578796936,1.5074192307465128e-16,+,"exposed: cases 0.0113, controls 0.0036"
T000007,2026-10-04T06:55:03Z,positive_control,positive_control,meteor outburst/storm +-1 d,x_outburst,,,,,conditional_logit,meteor_like,discovery,CS2,9688,38752.0,9688.0,OR,2.675940350626636,2.066992082971288,3.4642884310511755,7.919119657663772e-14,+,"exposed: cases 0.0113, controls 0.0047"
T000008,2026-10-04T06:55:04Z,positive_control,positive_control,CNEOS bolide within 30 min & 1000 km,x_fireball_30m_1000,,,,,conditional_logit,all,discovery,CS1,37801,129793.0,37801.0,OR,30.08931411904892,6.972380764205103,129.8504563610152,5.041239597238893e-06,+,"exposed: cases 0.0005, controls 0.0000"
T000009,2026-10-04T06:55:04Z,positive_control,positive_control,CNEOS bolide within 30 min & 1000 km,x_fireball_30m_1000,,,,,conditional_logit,all,discovery,CS2,37801,150857.0,37801.0,OR,72.00000000000013,9.611473534841062,539.3553840842719,3.1464271033463335e-05,+,"exposed: cases 0.0005, controls 0.0000"
T000010,2026-10-04T06:55:05Z,positive_control,positive_control,CNEOS bolide within 30 min & 500 km,x_fireball_30m_500,,,,,conditional_logit,meteor_like,discovery,CS1,9377,32143.0,9377.0,OR,1.3405104606414656e+16,0.0,inf,0.9999986219007132,+,"exposed: cases 0.0010, controls 0.0000"
T000011,2026-10-04T06:55:05Z,positive_control,positive_control,CNEOS bolide within 30 min & 500 km,x_fireball_30m_500,,,,,conditional_logit,meteor_like,discovery,CS2,9377,37468.0,9377.0,OR,9758188398994028.0,0.0,inf,0.9999982157581084,+,"exposed: cases 0.0010, controls 0.0000"
T000012,2026-10-04T06:55:06Z,positive_control,positive_control,"rocket launch 0-3 h before, <=1500 km",x_launch_3h_1500,,,,,conditional_logit,all,discovery,CS1,40368,139266.0,40368.0,OR,1.6847751130582354,1.5069995376531553,1.883522264380203,4.7941071971869653e-20,+,"exposed: cases 0.0125, controls 0.0080"
T000013,2026-10-04T06:55:07Z,positive_control,positive_control,"rocket launch 0-3 h before, <=1500 km",x_launch_3h_1500,,,,,conditional_logit,all,discovery,CS2,40368,161384.0,40368.0,OR,1.683004238031799,1.5100318340762158,1.8757904312433404,5.0376912939641925e-21,+,"exposed: cases 0.0125, controls 0.0078"
T000014,2026-10-04T06:55:07Z,positive_control,positive_control,rocket launch in observer twilight,x_launch_twilight,,,,,conditional_logit,all,discovery,CS1,40368,139266.0,40368.0,OR,3.152531957073133,2.5840156316682696,3.8461291095019337,1.0829218089351982e-29,+,"exposed: cases 0.0047, controls 0.0016"
T000015,2026-10-04T06:55:08Z,positive_control,positive_control,rocket launch in observer twilight,x_launch_twilight,,,,,conditional_logit,all,discovery,CS2,40368,161384.0,40368.0,OR,3.1996302628835687,2.639449058857162,3.8787010436159353,2.312594592261892e-32,+,"exposed: cases 0.0047, controls 0.0015"
T000016,2026-10-04T06:55:09Z,positive_control,positive_control,rocket launch not in twilight,x_launch_dark_or_day,,,,,conditional_logit,all,discovery,CS1,40368,139266.0,40368.0,OR,1.2793625077906503,1.114742883320251,1.4682923307527944,0.000455398546515,+,"exposed: cases 0.0078, controls 0.0064"
T000017,2026-10-04T06:55:09Z,positive_control,positive_control,rocket launch not in twilight,x_launch_dark_or_day,,,,,conditional_logit,all,discovery,CS2,40368,161384.0,40368.0,OR,1.2759894738352116,1.1157603606849174,1.4592283385464682,0.0003709236722403,+,"exposed: cases 0.0078, controls 0.0063"
T000018,2026-10-04T06:55:09Z,positive_control,positive_control,Starlink launch within 10 d (line-formation reports),x_starlink_10d,,,,,conditional_logit,line_formation,discovery,CS1,0,,,OR,,,,,,
T000019,2026-10-04T06:55:09Z,positive_control,positive_control,Starlink launch within 10 d (line-formation reports),x_starlink_10d,,,,,conditional_logit,line_formation,discovery,CS2,0,,,OR,,,,,,
T000020,2026-10-04T06:55:10Z,positive_control,positive_control,Starlink launch within 10 d (all reports),x_starlink_10d,,,,,conditional_logit,all,discovery,CS1,0,,,OR,,,,,,
T000021,2026-10-04T06:55:10Z,positive_control,positive_control,Starlink launch within 10 d (all reports),x_starlink_10d,,,,,conditional_logit,all,discovery,CS2,0,,,OR,,,,,,
T000022,2026-10-04T06:55:11Z,positive_control,positive_control,July 4th,x_july4,,,,,conditional_logit,all,discovery,CS1,40532,139890.0,40532.0,OR,4.464751958224542,3.922443774438339,5.08203844204861,1.541326015713575e-113,+,"exposed: cases 0.0141, controls 0.0027"
T000023,2026-10-04T06:55:11Z,positive_control,positive_control,July 4th (orange/fireball reports),x_july4,,,,,conditional_logit,orange_or_fireball,discovery,CS1,7434,25578.0,7434.0,OR,7.822784810126586,6.03553001993373,10.139285528103324,1.742605052458829e-54,+,"exposed: cases 0.0277, controls 0.0031"
T000024,2026-10-04T06:55:11Z,positive_control,positive_control,New Year's Eve/Day,x_nye,,,,,conditional_logit,orange_or_fireball,discovery,CS1,7434,25578.0,7434.0,OR,5.271523178807945,4.266474461819137,6.51333012148414,1.5709684421411642e-53,+,"exposed: cases 0.0268, controls 0.0059"
T000025,2026-10-04T06:55:11Z,positive_control,positive_control,Venus conspicuous (planet-like reports),x_venus_vis,,,,,conditional_logit,planet_like,discovery,CS1,2112,7241.0,2112.0,OR,1.4917111109578467,1.0748261553153051,2.070290183720287,0.0167795525161359,+,"exposed: cases 0.1880, controls 0.1775"
T000026,2026-10-04T06:55:11Z,positive_control,positive_control,Venus conspicuous (planet-like reports),x_venus_vis,,,,,conditional_logit,planet_like,discovery,CS2,2112,8448.0,2112.0,OR,2.7920902774947933,2.416077401547976,3.2266218427796307,5.250761909056338e-44,+,"exposed: cases 0.1880, controls 0.0833"
T000027,2026-10-04T06:55:11Z,positive_control,positive_control,Venus altitude per 10 deg (planet-like reports),x_venus_alt,,,,,conditional_logit,planet_like,discovery,CS1,2112,7241.0,2112.0,OR,1.3534946398790475,1.0989662393190336,1.6669736290684103,0.0044010170614521,+,
T000028,2026-10-04T06:55:12Z,positive_control,positive_control,Venus altitude per 10 deg (planet-like reports),x_venus_alt,,,,,conditional_logit,planet_like,discovery,CS2,2112,8448.0,2112.0,OR,1.2321155791385534,1.178505950022291,1.2881638826916555,3.6917583817260944e-20,+,
T000029,2026-10-04T06:55:12Z,positive_control,positive_control,ISS visible pass +-10 min (satellite-like reports),x_iss,,,,,conditional_logit,satellite_like,discovery,CS1,3060,10412.0,3060.0,OR,1.5301859218071794,1.2129198457865205,1.9304399737796,0.0003328949641281,+,"exposed: cases 0.0373, controls 0.0246"
T000030,2026-10-04T06:55:12Z,positive_control,positive_control,ISS visible pass +-10 min (satellite-like reports),x_iss,,,,,conditional_logit,satellite_like,discovery,CS2,2560,7757.0,2560.0,OR,1.804074293233024,1.3843379674054257,2.3510762054762364,1.2596473742119904e-05,+,"exposed: cases 0.0373, controls 0.0245"
T000031,2026-10-04T06:55:12Z,positive_control,positive_control,Moon above horizon (moon-word reports),x_moon_up,,,,,conditional_logit,moon_word,discovery,CS1,438,1520.0,438.0,OR,2.4775347399407446,2.00667725555136,3.058876742950232,3.2750940987187827e-17,+,"exposed: cases 0.7169, controls 0.4546"
T000032,2026-10-04T06:55:12Z,positive_control,positive_control,Moon above horizon (moon-word reports),x_moon_up,,,,,conditional_logit,moon_word,discovery,CS2,438,1752.0,438.0,OR,3.218210967412924,2.580242551268051,4.013917926315484,3.4393359895030053e-25,+,"exposed: cases 0.7169, controls 0.4155"
T000033,2026-10-04T06:55:13Z,positive_control,positive_control,clear sky (<=2 oktas),x_clear,,,,,conditional_logit,all,discovery,CS1,24943,85089.0,24943.0,OR,1.6823372392993343,1.628463300162848,1.7379934730185675,2.0932798273928827e-215,+,"exposed: cases 0.5722, controls 0.4709"
T000034,2026-10-04T06:55:14Z,positive_control,positive_control,clear sky (<=2 oktas),x_clear,,,,,conditional_logit,all,discovery,CS2,24909,95804.0,24909.0,OR,1.6532402206123211,1.6015376935559538,1.706611863116155,3.6302503429656483e-211,+,"exposed: cases 0.5722, controls 0.4738"
T000035,2026-10-04T06:55:15Z,positive_control,positive_control,sky cover per okta,x_sky_oktas,,,,,conditional_logit,all,discovery,CS1,24943,85089.0,24943.0,OR,0.9160208466691396,0.9115767384897656,0.9204866207123694,9.703629644270727e-274,-,
T000036,2026-10-04T06:55:15Z,positive_control,positive_control,sky cover per okta,x_sky_oktas,,,,,conditional_logit,all,discovery,CS2,24909,95804.0,24909.0,OR,0.9177241914734506,0.9133696157035835,0.9220995280939192,3.321893069490578e-274,-,
