REPORT_ID,SOURCE,SOURCE_RECORD_ID,EXCLUDE_REASON
R0096429,HATCH,Hatch_UDB_5,pre_1900
R0096430,HATCH,Hatch_UDB_6,pre_1900
R0096431,HATCH,Hatch_UDB_7,pre_1900
R0096432,HATCH,Hatch_UDB_8,pre_1900
R0096433,HATCH,Hatch_UDB_9,pre_1900
R0096434,HATCH,Hatch_UDB_10,pre_1900
R0096435,HATCH,Hatch_UDB_11,pre_1900
R0096436,HATCH,Hatch_UDB_12,pre_1900
R0096437,HATCH,Hatch_UDB_13,pre_1900
R0096438,HATCH,Hatch_UDB_14,pre_1900
R0096439,HATCH,Hatch_UDB_15,pre_1900
R0096440,HATCH,Hatch_UDB_16,pre_1900
R0096441,HATCH,Hatch_UDB_17,pre_1900
R0096442,HATCH,Hatch_UDB_18,pre_1900
R0096443,HATCH,Hatch_UDB_19,pre_1900
R0096444,HATCH,Hatch_UDB_20,pre_1900
R0096445,HATCH,Hatch_UDB_21,pre_1900
R0096446,HATCH,Hatch_UDB_22,pre_1900
R0096447,HATCH,Hatch_UDB_23,pre_1900
R0096448,HATCH,Hatch_UDB_24,pre_1900
R0096449,HATCH,Hatch_UDB_25,pre_1900
R0096450,HATCH,Hatch_UDB_26,pre_1900
R0096451,HATCH,Hatch_UDB_27,pre_1900
R0096452,HATCH,Hatch_UDB_28,pre_1900
R0096453,HATCH,Hatch_UDB_29,pre_1900
R0096454,HATCH,Hatch_UDB_30,pre_1900
R0096455,HATCH,Hatch_UDB_31,pre_1900
R0096456,HATCH,Hatch_UDB_32,pre_1900
R0096457,HATCH,Hatch_UDB_33,pre_1900
R0096458,HATCH,Hatch_UDB_34,pre_1900
R0096459,HATCH,Hatch_UDB_35,pre_1900
R0096460,HATCH,Hatch_UDB_36,pre_1900
R0096461,HATCH,Hatch_UDB_37,pre_1900
R0096462,HATCH,Hatch_UDB_38,pre_1900
R0096463,HATCH,Hatch_UDB_39,pre_1900
R0096464,HATCH,Hatch_UDB_40,pre_1900
R0096465,HATCH,Hatch_UDB_41,pre_1900
R0096466,HATCH,Hatch_UDB_42,pre_1900
R0096467,HATCH,Hatch_UDB_43,pre_1900
R0096468,HATCH,Hatch_UDB_44,pre_1900
R0096469,HATCH,Hatch_UDB_45,pre_1900
R0096470,HATCH,Hatch_UDB_46,pre_1900
R0096471,HATCH,Hatch_UDB_47,pre_1900
R0096472,HATCH,Hatch_UDB_48,pre_1900
R0096473,HATCH,Hatch_UDB_49,pre_1900
R0096474,HATCH,Hatch_UDB_50,pre_1900
R0096475,HATCH,Hatch_UDB_51,pre_1900
R0096476,HATCH,Hatch_UDB_52,pre_1900
R0096477,HATCH,Hatch_UDB_53,pre_1900
R0096478,HATCH,Hatch_UDB_54,pre_1900
R0096479,HATCH,Hatch_UDB_55,pre_1900
R0096480,HATCH,Hatch_UDB_56,pre_1900
R0096481,HATCH,Hatch_UDB_57,pre_1900
R0096482,HATCH,Hatch_UDB_58,pre_1900
R0096483,HATCH,Hatch_UDB_59,pre_1900
R0096484,HATCH,Hatch_UDB_60,pre_1900
R0096485,HATCH,Hatch_UDB_61,pre_1900
R0096486,HATCH,Hatch_UDB_62,pre_1900
R0096487,HATCH,Hatch_UDB_63,pre_1900
R0096488,HATCH,Hatch_UDB_64,pre_1900
R0096489,HATCH,Hatch_UDB_65,pre_1900
R0096490,HATCH,Hatch_UDB_66,pre_1900
R0096491,HATCH,Hatch_UDB_67,pre_1900
R0096492,HATCH,Hatch_UDB_68,pre_1900
R0096493,HATCH,Hatch_UDB_69,pre_1900
R0096494,HATCH,Hatch_UDB_70,pre_1900
R0096495,HATCH,Hatch_UDB_71,pre_1900
R0096496,HATCH,Hatch_UDB_72,pre_1900
R0096497,HATCH,Hatch_UDB_73,pre_1900
R0096498,HATCH,Hatch_UDB_74,pre_1900
R0096499,HATCH,Hatch_UDB_75,pre_1900
R0096500,HATCH,Hatch_UDB_76,pre_1900
R0096501,HATCH,Hatch_UDB_77,pre_1900
R0096502,HATCH,Hatch_UDB_78,pre_1900
R0096503,HATCH,Hatch_UDB_79,pre_1900
R0096504,HATCH,Hatch_UDB_80,pre_1900
R0096505,HATCH,Hatch_UDB_81,pre_1900
R0096506,HATCH,Hatch_UDB_82,pre_1900
R0096507,HATCH,Hatch_UDB_83,pre_1900
R0096508,HATCH,Hatch_UDB_84,pre_1900
R0096509,HATCH,Hatch_UDB_85,pre_1900
R0096510,HATCH,Hatch_UDB_86,pre_1900
R0096511,HATCH,Hatch_UDB_87,pre_1900
R0096512,HATCH,Hatch_UDB_88,pre_1900
R0096513,HATCH,Hatch_UDB_89,pre_1900
R0096514,HATCH,Hatch_UDB_90,pre_1900
R0096515,HATCH,Hatch_UDB_91,pre_1900
R0096516,HATCH,Hatch_UDB_92,pre_1900
R0096517,HATCH,Hatch_UDB_93,pre_1900
R0096518,HATCH,Hatch_UDB_94,pre_1900
R0096519,HATCH,Hatch_UDB_95,pre_1900
R0096520,HATCH,Hatch_UDB_96,pre_1900
R0096521,HATCH,Hatch_UDB_97,pre_1900
R0096522,HATCH,Hatch_UDB_98,pre_1900
R0096523,HATCH,Hatch_UDB_99,pre_1900
R0096524,HATCH,Hatch_UDB_100,pre_1900
R0096525,HATCH,Hatch_UDB_101,pre_1900
R0096526,HATCH,Hatch_UDB_102,pre_1900
R0096527,HATCH,Hatch_UDB_103,pre_1900
R0096528,HATCH,Hatch_UDB_104,pre_1900
R0096529,HATCH,Hatch_UDB_105,pre_1900
R0096530,HATCH,Hatch_UDB_106,pre_1900
R0096531,HATCH,Hatch_UDB_107,pre_1900
R0096532,HATCH,Hatch_UDB_108,pre_1900
R0096533,HATCH,Hatch_UDB_109,pre_1900
R0096534,HATCH,Hatch_UDB_110,pre_1900
R0096535,HATCH,Hatch_UDB_111,pre_1900
R0096536,HATCH,Hatch_UDB_112,pre_1900
R0096537,HATCH,Hatch_UDB_113,pre_1900
R0096538,HATCH,Hatch_UDB_114,pre_1900
R0096539,HATCH,Hatch_UDB_115,pre_1900
R0096540,HATCH,Hatch_UDB_116,pre_1900
R0096541,HATCH,Hatch_UDB_117,pre_1900
R0096542,HATCH,Hatch_UDB_118,pre_1900
R0096543,HATCH,Hatch_UDB_119,pre_1900
R0096544,HATCH,Hatch_UDB_120,pre_1900
R0096545,HATCH,Hatch_UDB_121,pre_1900
R0096546,HATCH,Hatch_UDB_122,pre_1900
R0096547,HATCH,Hatch_UDB_123,pre_1900
R0096548,HATCH,Hatch_UDB_124,pre_1900
R0096549,HATCH,Hatch_UDB_125,pre_1900
R0096550,HATCH,Hatch_UDB_126,pre_1900
R0096551,HATCH,Hatch_UDB_127,pre_1900
R0096552,HATCH,Hatch_UDB_128,pre_1900
R0096553,HATCH,Hatch_UDB_129,pre_1900
R0096554,HATCH,Hatch_UDB_130,pre_1900
R0096555,HATCH,Hatch_UDB_131,pre_1900
R0096556,HATCH,Hatch_UDB_132,pre_1900
R0096557,HATCH,Hatch_UDB_133,pre_1900
R0096558,HATCH,Hatch_UDB_134,pre_1900
R0096559,HATCH,Hatch_UDB_135,pre_1900
R0096560,HATCH,Hatch_UDB_136,pre_1900
R0096561,HATCH,Hatch_UDB_137,pre_1900
R0096562,HATCH,Hatch_UDB_138,pre_1900
R0096563,HATCH,Hatch_UDB_139,pre_1900
R0096564,HATCH,Hatch_UDB_140,pre_1900
R0096565,HATCH,Hatch_UDB_141,pre_1900
R0096566,HATCH,Hatch_UDB_142,pre_1900
R0096567,HATCH,Hatch_UDB_143,pre_1900
R0096568,HATCH,Hatch_UDB_144,pre_1900
R0096569,HATCH,Hatch_UDB_145,pre_1900
R0096570,HATCH,Hatch_UDB_146,pre_1900
R0096571,HATCH,Hatch_UDB_147,pre_1900
R0096572,HATCH,Hatch_UDB_148,pre_1900
R0096573,HATCH,Hatch_UDB_149,pre_1900
R0096574,HATCH,Hatch_UDB_150,pre_1900
R0096575,HATCH,Hatch_UDB_151,pre_1900
R0096576,HATCH,Hatch_UDB_152,pre_1900
R0096577,HATCH,Hatch_UDB_153,pre_1900
R0096578,HATCH,Hatch_UDB_154,pre_1900
R0096579,HATCH,Hatch_UDB_155,pre_1900
R0096580,HATCH,Hatch_UDB_156,pre_1900
R0096581,HATCH,Hatch_UDB_157,pre_1900
R0096582,HATCH,Hatch_UDB_158,pre_1900
R0096583,HATCH,Hatch_UDB_159,pre_1900
R0096584,HATCH,Hatch_UDB_160,pre_1900
R0096585,HATCH,Hatch_UDB_161,pre_1900
R0096586,HATCH,Hatch_UDB_162,pre_1900
R0096587,HATCH,Hatch_UDB_163,pre_1900
R0096588,HATCH,Hatch_UDB_164,pre_1900
R0096589,HATCH,Hatch_UDB_165,pre_1900
R0096590,HATCH,Hatch_UDB_166,pre_1900
R0096591,HATCH,Hatch_UDB_167,pre_1900
R0096592,HATCH,Hatch_UDB_168,pre_1900
R0096593,HATCH,Hatch_UDB_169,pre_1900
R0096594,HATCH,Hatch_UDB_170,pre_1900
R0096595,HATCH,Hatch_UDB_171,pre_1900
R0096596,HATCH,Hatch_UDB_172,pre_1900
R0096597,HATCH,Hatch_UDB_173,pre_1900
R0096598,HATCH,Hatch_UDB_174,pre_1900
R0096599,HATCH,Hatch_UDB_175,pre_1900
R0096600,HATCH,Hatch_UDB_176,pre_1900
R0096601,HATCH,Hatch_UDB_177,pre_1900
R0096602,HATCH,Hatch_UDB_178,pre_1900
R0096603,HATCH,Hatch_UDB_179,pre_1900
R0096604,HATCH,Hatch_UDB_180,pre_1900
R0096605,HATCH,Hatch_UDB_181,pre_1900
R0096606,HATCH,Hatch_UDB_182,pre_1900
R0096607,HATCH,Hatch_UDB_183,pre_1900
R0096608,HATCH,Hatch_UDB_184,pre_1900
R0096609,HATCH,Hatch_UDB_185,pre_1900
R0096610,HATCH,Hatch_UDB_186,pre_1900
R0096611,HATCH,Hatch_UDB_187,pre_1900
R0096612,HATCH,Hatch_UDB_188,pre_1900
R0096613,HATCH,Hatch_UDB_189,pre_1900
R0096614,HATCH,Hatch_UDB_190,pre_1900
R0096615,HATCH,Hatch_UDB_191,pre_1900
R0096616,HATCH,Hatch_UDB_192,pre_1900
R0096617,HATCH,Hatch_UDB_193,pre_1900
R0096618,HATCH,Hatch_UDB_194,pre_1900
R0096619,HATCH,Hatch_UDB_195,pre_1900
R0096620,HATCH,Hatch_UDB_196,pre_1900
R0096621,HATCH,Hatch_UDB_197,pre_1900
R0096622,HATCH,Hatch_UDB_198,pre_1900
R0096623,HATCH,Hatch_UDB_199,pre_1900
R0096624,HATCH,Hatch_UDB_200,pre_1900
R0096625,HATCH,Hatch_UDB_201,pre_1900
R0096626,HATCH,Hatch_UDB_202,pre_1900
R0096627,HATCH,Hatch_UDB_203,pre_1900
R0096628,HATCH,Hatch_UDB_204,pre_1900
R0096629,HATCH,Hatch_UDB_205,pre_1900
R0096630,HATCH,Hatch_UDB_206,pre_1900
R0096631,HATCH,Hatch_UDB_207,pre_1900
R0096632,HATCH,Hatch_UDB_208,pre_1900
R0096633,HATCH,Hatch_UDB_209,pre_1900
R0096634,HATCH,Hatch_UDB_210,pre_1900
R0096635,HATCH,Hatch_UDB_211,pre_1900
R0096636,HATCH,Hatch_UDB_212,pre_1900
R0096637,HATCH,Hatch_UDB_213,pre_1900
R0096638,HATCH,Hatch_UDB_214,pre_1900
R0096639,HATCH,Hatch_UDB_215,pre_1900
R0096640,HATCH,Hatch_UDB_216,pre_1900
R0096641,HATCH,Hatch_UDB_217,pre_1900
R0096642,HATCH,Hatch_UDB_218,pre_1900
R0115004,BLUEBOOK_UNK,BerlinerBBU_459,no_year
R0115032,BLUEBOOK_UNK,BerlinerBBU_487,no_year
R0115129,NICAP,NICAP_DB_0,pre_1900
R0115130,NICAP,NICAP_DB_1,pre_1900
R0115131,NICAP,NICAP_DB_2,pre_1900
R0115132,NICAP,NICAP_DB_3,pre_1900
R0115133,NICAP,NICAP_DB_4,pre_1900
R0115134,NICAP,NICAP_DB_5,pre_1900
R0115135,NICAP,NICAP_DB_6,pre_1900
R0115136,NICAP,NICAP_DB_7,pre_1900
R0115137,NICAP,NICAP_DB_8,pre_1900
R0115138,NICAP,NICAP_DB_9,pre_1900
R0115139,NICAP,NICAP_DB_10,pre_1900
R0115140,NICAP,NICAP_DB_11,pre_1900
R0115141,NICAP,NICAP_DB_12,pre_1900
R0115142,NICAP,NICAP_DB_13,pre_1900
R0115143,NICAP,NICAP_DB_14,pre_1900
R0115144,NICAP,NICAP_DB_15,pre_1900
R0115145,NICAP,NICAP_DB_16,pre_1900
R0115146,NICAP,NICAP_DB_17,pre_1900
R0115147,NICAP,NICAP_DB_18,pre_1900
R0115148,NICAP,NICAP_DB_20,pre_1900
R0115149,NICAP,NICAP_DB_23,pre_1900
R0115150,NICAP,NICAP_DB_24,pre_1900
R0115151,NICAP,NICAP_DB_26,pre_1900
R0115152,NICAP,NICAP_DB_27,pre_1900
R0115153,NICAP,NICAP_DB_28,pre_1900
R0115154,NICAP,NICAP_DB_29,pre_1900
R0115155,NICAP,NICAP_DB_30,pre_1900
R0115156,NICAP,NICAP_DB_31,pre_1900
R0115157,NICAP,NICAP_DB_32,pre_1900
R0115158,NICAP,NICAP_DB_34,pre_1900
R0115159,NICAP,NICAP_DB_37,pre_1900
R0115160,NICAP,NICAP_DB_39,pre_1900
R0115161,NICAP,NICAP_DB_41,pre_1900
R0115162,NICAP,NICAP_DB_43,pre_1900
R0115163,NICAP,NICAP_DB_45,pre_1900
R0115164,NICAP,NICAP_DB_46,pre_1900
R0115165,NICAP,NICAP_DB_48,pre_1900
R0115177,NICAP,NICAP_DB_64,no_year
R0115184,NICAP,NICAP_DB_73,no_year
R0115205,NICAP,NICAP_DB_99,no_year
R0115218,NICAP,NICAP_DB_112,no_year
R0115221,NICAP,NICAP_DB_116,no_year
R0115222,NICAP,NICAP_DB_117,no_year
R0115226,NICAP,NICAP_DB_121,no_year
R0115229,NICAP,NICAP_DB_124,no_year
R0115238,NICAP,NICAP_DB_133,no_year
R0115239,NICAP,NICAP_DB_134,no_year
R0115241,NICAP,NICAP_DB_136,no_year
R0115246,NICAP,NICAP_DB_141,no_year
R0115248,NICAP,NICAP_DB_143,no_year
R0115249,NICAP,NICAP_DB_144,no_year
R0115290,NICAP,NICAP_DB_189,no_year
R0115291,NICAP,NICAP_DB_190,no_year
R0115298,NICAP,NICAP_DB_197,no_year
R0115304,NICAP,NICAP_DB_203,no_year
R0115305,NICAP,NICAP_DB_204,no_year
R0115320,NICAP,NICAP_DB_219,no_year
R0115321,NICAP,NICAP_DB_220,no_year
R0115382,NICAP,NICAP_DB_281,no_year
R0115396,NICAP,NICAP_DB_295,no_year
R0115402,NICAP,NICAP_DB_301,no_year
R0115410,NICAP,NICAP_DB_311,no_year
R0115420,NICAP,NICAP_DB_322,no_year
R0115494,NICAP,NICAP_DB_396,no_year
R0115495,NICAP,NICAP_DB_397,no_year
R0115540,NICAP,NICAP_DB_443,no_year
R0115541,NICAP,NICAP_DB_444,no_year
R0115542,NICAP,NICAP_DB_445,no_year
R0115716,NICAP,NICAP_DB_619,no_year
R0116111,NICAP,NICAP_DB_1022,no_year
R0116112,NICAP,NICAP_DB_1023,no_year
R0116264,NICAP,NICAP_DB_1182,no_year
R0116392,NICAP,NICAP_DB_1314,no_year
R0116513,NICAP,NICAP_DB_1438,no_year
R0116614,NICAP,NICAP_DB_1539,no_year
R0116615,NICAP,NICAP_DB_1540,no_year
R0116816,NICAP,NICAP_DB_1743,no_year
R0117069,NICAP,NICAP_DB_2001,no_year
R0117070,NICAP,NICAP_DB_2002,no_year
R0117326,NICAP,NICAP_DB_2272,no_year
R0117553,NICAP,NICAP_DB_2507,no_year
R0117682,NICAP,NICAP_DB_2638,no_year
R0117757,NICAP,NICAP_DB_2716,no_year
R0117762,NICAP,NICAP_DB_2722,no_year
R0118474,NICAP,NICAP_DB_3467,no_year
R0118584,NICAP,NICAP_DB_3579,no_year
R0118585,NICAP,NICAP_DB_3580,no_year
R0118688,NICAP,NICAP_DB_3688,no_year
R0118920,NICAP,NICAP_DB_3926,no_year
R0118922,NICAP,NICAP_DB_3928,no_year
R0118959,NICAP,NICAP_DB_3966,no_year
R0119051,NICAP,NICAP_DB_4060,no_year
R0119164,NICAP,NICAP_DB_4178,no_year
R0119714,NICAP,NICAP_DB_4747,no_year
R0119812,NICAP,NICAP_DB_4846,no_year
R0119933,NICAP,NICAP_DB_5003,no_year
R0120237,NICAP,NICAP_DB_5456,no_year
R0123805,GEIPAN,2025-01-51610,future_or_bad_year
R0123822,GEIPAN,2025-01-51619,future_or_bad_year
R0123823,GEIPAN,2025-02-51620,future_or_bad_year
R0123824,GEIPAN,2025-03-51630,future_or_bad_year
R0123840,GEIPAN,2025-03-51629,future_or_bad_year
R0123853,GEIPAN,2025-01-51608,future_or_bad_year
R0123854,GEIPAN,2025-03-51622,future_or_bad_year
R0123855,GEIPAN,2025-04-51635,future_or_bad_year
R0123856,GEIPAN,2025-04-51639,future_or_bad_year
R0123871,GEIPAN,2025-02-51628,future_or_bad_year
R0123872,GEIPAN,2025-03-51637,future_or_bad_year
R0123873,GEIPAN,2025-03-51657,future_or_bad_year
R0123874,GEIPAN,2025-04-51643,future_or_bad_year
R0123884,GEIPAN,2025-03-51627,future_or_bad_year
R0123885,GEIPAN,2025-05-51660,future_or_bad_year
R0123886,GEIPAN,2025-08-51671,future_or_bad_year
R0123887,GEIPAN,2025-09-51674,future_or_bad_year
R0123888,GEIPAN,2025-09-51676,future_or_bad_year
R0123889,GEIPAN,2025-09-51693,future_or_bad_year
R0123893,GEIPAN,2025-01-51677,future_or_bad_year
R0123894,GEIPAN,2025-07-51666,future_or_bad_year
R0123895,GEIPAN,2025-08-51686,future_or_bad_year
R0123896,GEIPAN,2025-08-51687,future_or_bad_year
R0123897,GEIPAN,2025-09-51681,future_or_bad_year
R0123898,GEIPAN,2025-09-51684,future_or_bad_year
R0123899,GEIPAN,2025-09-51692,future_or_bad_year
R0123900,GEIPAN,2025-10-51702,future_or_bad_year
R0123901,GEIPAN,2025-10-51704,future_or_bad_year
R0123902,GEIPAN,2025-10-51705,future_or_bad_year
R0123903,GEIPAN,2025-10-51708,future_or_bad_year
R0123913,GEIPAN,2025-04-51638,future_or_bad_year
R0123914,GEIPAN,2025-05-51647,future_or_bad_year
R0123915,GEIPAN,2025-05-51648,future_or_bad_year
R0123916,GEIPAN,2025-06-51662,future_or_bad_year
R0123917,GEIPAN,2025-07-51669,future_or_bad_year
R0123918,GEIPAN,2025-10-51701,future_or_bad_year
R0123928,GEIPAN,2025-02-51626,future_or_bad_year
R0123929,GEIPAN,2025-09-51688,future_or_bad_year
R0123930,GEIPAN,2025-09-51707,future_or_bad_year
R0123931,GEIPAN,2025-10-51703,future_or_bad_year
R0123932,GEIPAN,2025-11-51710,future_or_bad_year
R0123933,GEIPAN,2025-11-51711,future_or_bad_year
R0123934,GEIPAN,2025-11-51725,future_or_bad_year
R0123935,GEIPAN,2025-12-51727,future_or_bad_year
R0123936,GEIPAN,2026-01-51724,future_or_bad_year
R0123937,GEIPAN,2026-01-51731,future_or_bad_year
R0123947,GEIPAN,2025-01-51636,future_or_bad_year
R0123948,GEIPAN,2025-01-51722,future_or_bad_year
R0123949,GEIPAN,2025-05-51649,future_or_bad_year
R0123950,GEIPAN,2025-08-51670,future_or_bad_year
R0123951,GEIPAN,2025-09-51689,future_or_bad_year
R0123952,GEIPAN,2025-11-51712,future_or_bad_year
R0123953,GEIPAN,2025-11-51716,future_or_bad_year
R0123961,GEIPAN,2025-05-51653,future_or_bad_year
R0123962,GEIPAN,2025-06-51675,future_or_bad_year
R0123963,GEIPAN,2025-07-51680,future_or_bad_year
R0123964,GEIPAN,2025-08-51713,future_or_bad_year
R0123965,GEIPAN,2025-09-51697,future_or_bad_year
R0123966,GEIPAN,2025-11-51709,future_or_bad_year
R0123967,GEIPAN,2025-12-51729,future_or_bad_year
R0123968,GEIPAN,2026-01-51730,future_or_bad_year
R0123977,GEIPAN,2025-02-51631,future_or_bad_year
R0123978,GEIPAN,2025-05-51646,future_or_bad_year
R0123979,GEIPAN,2025-08-51673,future_or_bad_year
R0123980,GEIPAN,2025-10-51737,future_or_bad_year
R0123981,GEIPAN,2026-01-51721,future_or_bad_year
R0123982,GEIPAN,2026-03-51736,future_or_bad_year
R0123983,GEIPAN,2026-04-51742,future_or_bad_year
R0123984,GEIPAN,2026-04-51745,future_or_bad_year
R0123985,GEIPAN,2026-04-51748,future_or_bad_year
R0123990,GEIPAN,2025-01-51611,future_or_bad_year
R0123991,GEIPAN,2025-03-51656,future_or_bad_year
R0123992,GEIPAN,2025-06-51663,future_or_bad_year
R0123993,GEIPAN,2025-08-51672,future_or_bad_year
R0123994,GEIPAN,2025-12-51718,future_or_bad_year
R0123995,GEIPAN,2025-12-51733,future_or_bad_year
R0123996,GEIPAN,2026-01-51720,future_or_bad_year
R0123997,GEIPAN,2026-02-51734,future_or_bad_year
R0123998,GEIPAN,2026-03-51740,future_or_bad_year
