event,reports,pop_million,internet_pct,night_hours_per_year,reports_per_million_per_night_hour,per_million_internet_users
1990,165,249.623,0.785,4017.75,0.00016451914209420415,84.2034118661132
1991,164,252.981,1.16,4017.75,0.00016135150972159412,55.88534725723576
1992,173,256.514,1.72,4017.75,0.00016786189453910845,39.21087946421528
1993,216,259.919,2.27,4017.75,0.00020683918312332055,36.60916863408463
1994,292,263.126,4.86,4017.75,0.0002762079521676009,22.8340432062012
1995,842,266.278,9.24,4017.75,0.0007870347267842525,34.22195642356527
1996,591,269.394,16.4,4017.75,0.0005460301859982951,13.376907193869819
1997,884,272.657,21.6,4017.75,0.0008069612923012422,15.010040426589423
1998,1181,275.854,30.1,4017.75,0.0010655840275201611,14.223422679631652
1999,1840,279.04,35.8,4017.75,0.0016412262329034174,18.41909691968633
2000,1810,282.162411,43.0791626375201,4017.75,0.0015966014064370967,14.89059886026122
2001,2009,284.968955,49.0808315896951,4017.75,0.0017546862672839674,14.363837209026302
2002,1977,287.625193,58.7854038836952,4017.75,0.0017107905255902582,11.692577034580365
2003,2410,290.107933,61.6971171244207,4017.75,0.0020676381087036083,13.464572411853874
2004,2657,292.805298,64.7582564759896,4017.75,0.0022585500241032314,14.012559715385837
2005,2591,295.516599,67.9681015,4017.75,0.002182240558787229,12.899723269550773
2006,2324,298.379912,68.93119812,4017.75,0.0019385795738929709,11.299278549386809
2007,2841,301.231207,75.0,4017.75,0.002347406819833215,12.575058333846533
2008,3239,304.093966,74.0,4017.75,0.0026510641419545703,14.39366615721348
2009,2998,306.771529,71.0,4017.75,0.002432392568140015,13.764429916400768
2010,2990,309.378227,71.69,4017.75,0.0024054621757455662,13.481023373694727
2011,3664,311.839461,69.7294607619268,4017.75,0.002924431708279193,16.850317451980327
2012,5693,314.339099,74.7,4017.75,0.00450775049814568,24.24499941623133
2013,5678,316.726282,71.4,4017.75,0.004461987771549599,25.108055138856304
2014,6439,319.25756,73.0,4017.75,0.005019891439929225,27.62831346955568
2015,5047,321.815121,74.5542024462761,4017.75,0.0039034080074858532,21.03559156625333
2016,4180,324.35334,85.5444212887222,4017.75,0.0032075615410965042,15.064898666208487
2017,3648,326.608609,87.2748891687657,4017.75,0.0027799967735187467,12.79787593337016
2018,2325,328.529577,88.498903165152,4017.75,0.0017614307468861016,7.996696151244871
2019,3953,330.226227,89.4302848575712,4017.75,0.0029794242075292104,13.385377927471794
2020,4415,331.578104,90.34470367,4017.75,0.0033140721129896575,14.738122647012048
2021,1817,332.100166,91.2684021,4017.75,0.0013617673739103235,5.994671475165666
2022,1997,333.996304,92.72850037,4017.75,0.001488173251245103,6.447972366998835
2023,583,336.755052,93.52559662,4017.75,0.0004308950700404084,1.8510747113316313
