source_id,topic,citation,source_type,url,consulted_url,access_status,http_status,access_checked_date_utc,retrieved_at_utc,source_document_sha256,supports,does_not_establish,novelty_status
L01,release_provenance_reporting_bias,TidyTuesday. UFO Sightings Redux (2023-06-20).,dataset_publisher_documentation,https://github.com/rfordatascience/tidytuesday/blob/main/data/2023/2023-06-20/readme.md,https://raw.githubusercontent.com/rfordatascience/tidytuesday/main/data/2023/2023-06-20/readme.md,CONSULTED_DOCUMENT,200,2026-10-04,2026-10-04T07:47:17.239034+00:00,4913adf45257f6bf80e417496af8ddc12a195fa869bba8e72d7c7babf0caeb9c,NUFORC release provenance; coarse day-part enrichment; town gazetteer coordinates/population.,"Independent event incidence, precise original coordinates, representative sampling or independent replication.",NOT_ASSESSED
L02,satellite_visibility,Skyfield documentation. Earth Satellites.,software_author_documentation,https://github.com/skyfielders/python-skyfield/blob/master/documentation/earth-satellites.rst,https://raw.githubusercontent.com/skyfielders/python-skyfield/master/documentation/earth-satellites.rst,CONSULTED_DOCUMENT,200,2026-10-04,2026-10-04T07:47:17.386108+00:00,06b8a078cd3b7770360d72eb23e460949150711fd702c958c7d25c680565f42e,SGP4/TLE epoch limitations and historical-element requirements; geometry of passages.,A specific UAP identification or empirically measured Starlink misidentification rate.,NOT_ASSESSED
L03,moon_sun_planet_geometry,Skyfield documentation. Almanac Computation.,software_author_documentation,https://github.com/skyfielders/python-skyfield/blob/master/documentation/almanac.rst,https://raw.githubusercontent.com/skyfielders/python-skyfield/master/documentation/almanac.rst,CONSULTED_DOCUMENT,200,2026-10-04,2026-10-04T07:47:17.431026+00:00,9663771727770f23072b28ca911333c7b73265f8fc7219df908987f1e84fdb49,Lunar phase distinct from local position; rising/setting and polar-horizon issues.,A lunar effect on UAP reporting or local sky brightness measured from illumination alone.,NOT_ASSESSED
L04,moon_illumination,Astroplan implementation. moon.py.,software_author_documentation,https://github.com/astropy/astroplan/blob/main/astroplan/moon.py,https://raw.githubusercontent.com/astropy/astroplan/main/astroplan/moon.py,CONSULTED_DOCUMENT,200,2026-10-04,2026-10-04T07:49:58.642494+00:00,0d1417890e010a5c887d383056a99d9493c86c60d34bfed7de02dfc580cc89bf,Ephemeris-based illuminated lunar fraction and phase.,UAP-specific physical influence or population exposure.,NOT_ASSESSED
L05,conditional_matched_inference,R survival package. clogit: Conditional logistic regression.,software_author_documentation,https://github.com/therneau/survival/blob/master/man/clogit.Rd,https://raw.githubusercontent.com/therneau/survival/master/man/clogit.Rd,CONSULTED_DOCUMENT,200,2026-10-04,2026-10-04T07:47:16.995633+00:00,3fef4a568952dfdfc7f9e8e225f72c51f35d11c0aed9362a9677ba0876700183,Matched-set conditional likelihood and stratified-Cox equivalence; one-case-per-set likelihood.,"Control sampling validity, cross-set independence, cluster-robust exact inference or causal interpretation.",NOT_ASSESSED
L06,multiple_testing,Benjamini Y; Hochberg Y. Controlling the false discovery rate: a practical and powerful approach to multiple testing. JRSS B 57(1):289-300 (1995).,paper_bibliography_in_official_software_docs,https://github.com/scipy/scipy/blob/main/scipy/stats/_morestats.py,https://raw.githubusercontent.com/scipy/scipy/main/scipy/stats/_morestats.py,CONSULTED_SECONDARY_BIBLIOGRAPHY,200,2026-10-04,2026-10-04T07:47:17.019884+00:00,16149a4eec5c1005a120d400b8c34852e0d29037436bed20e99a543b679679ca,Bibliographic entry and documented BH independence/positive-dependence assumptions.,Original article full text; validity of this investigation's raw p-values.,NOT_ASSESSED
L07,multiple_testing_dependence,Benjamini Y; Yekutieli D. The control of the false discovery rate in multiple testing under dependency. Annals of Statistics pp.1165-1188 (2001).,paper_bibliography_in_official_software_docs,https://github.com/scipy/scipy/blob/main/scipy/stats/_morestats.py,https://raw.githubusercontent.com/scipy/scipy/main/scipy/stats/_morestats.py,CONSULTED_SECONDARY_BIBLIOGRAPHY,200,2026-10-04,2026-10-04T07:47:17.019884+00:00,16149a4eec5c1005a120d400b8c34852e0d29037436bed20e99a543b679679ca,Bibliographic entry and BY FDR guarantee under general test dependence.,Original article full text or protection against omitted tested hypotheses.,NOT_ASSESSED
L08,uap_environment_geography,An environmental analysis of public UAP sightings and sky view potential. DOI 10.1038/s41598-023-49527-x. Authors and exact publication metadata not independently verified.,secondary_archived_title_link,https://www.nature.com/articles/s41598-023-49527-x,https://github.com/jiacai2050/mofish/issues/496,CONSULTED_SECONDARY_LINK,200,2026-10-04,2026-10-04T07:48:08.453703+00:00,9c6759cfd367e15ef2f164bfc8634f5260d0d2a4a7b3665ea62ab1c05f9c94fa,Exact title and publisher URL archived in a 2023-12-15 news listing.,"Authors, methods, estimates, airport/military associations or direct replication comparability.",NOT_ASSESSED
L09,uap_environment_geography,Environmental-analysis primary paper above.,blocked_search_target,https://www.nature.com/articles/s41598-023-49527-x,https://www.nature.com/articles/s41598-023-49527-x,NETWORK_BLOCKED,CONNECT_403,2026-10-04,,,No scientific claim supported; request attempted with TLS verification.,"Bibliographic verification, full-text interpretation, completeness of search or absence of a precedent.",NOT_ASSESSED
L10,government_uap,NASA independent-study final-report URL; content not retrieved.,blocked_search_target,https://science.nasa.gov/wp-content/uploads/2023/09/uap-independent-study-team-final-report.pdf,https://science.nasa.gov/wp-content/uploads/2023/09/uap-independent-study-team-final-report.pdf,NETWORK_BLOCKED,CONNECT_403,2026-10-04,,,No scientific claim supported; request attempted with TLS verification.,"Bibliographic verification, full-text interpretation, completeness of search or absence of a precedent.",NOT_ASSESSED
L11,government_uap,NASA UAP program page; content not retrieved.,blocked_search_target,https://science.nasa.gov/uap/,https://science.nasa.gov/uap/,NETWORK_BLOCKED,CONNECT_403,2026-10-04,,,No scientific claim supported; request attempted with TLS verification.,"Bibliographic verification, full-text interpretation, completeness of search or absence of a precedent.",NOT_ASSESSED
L12,government_uap,AARO report URL; bibliographic identity and content not retrieved.,blocked_search_target,https://www.aaro.mil/Portals/136/PDFs/AARO_Report_Volume_1_2024.pdf,https://www.aaro.mil/Portals/136/PDFs/AARO_Report_Volume_1_2024.pdf,NETWORK_BLOCKED,CONNECT_403,2026-10-04,,,No scientific claim supported; request attempted with TLS verification.,"Bibliographic verification, full-text interpretation, completeness of search or absence of a precedent.",NOT_ASSESSED
L13,reporting_bias,RAND research report page; bibliographic identity and content not retrieved.,blocked_search_target,https://www.rand.org/pubs/research_reports/RRA2475-1.html,https://www.rand.org/pubs/research_reports/RRA2475-1.html,NETWORK_BLOCKED,CONNECT_403,2026-10-04,,,No scientific claim supported; request attempted with TLS verification.,"Bibliographic verification, full-text interpretation, completeness of search or absence of a precedent.",NOT_ASSESSED
L14,tectonic_strain,Persinger tectonic-strain handoff lead; targeted bibliographic search.,blocked_search_target,https://api.crossref.org/works?query=Persinger%20tectonic%20strain%20theory%20UFO&rows=5,https://api.crossref.org/works?query=Persinger%20tectonic%20strain%20theory%20UFO&rows=5,NETWORK_BLOCKED,CONNECT_403,2026-10-04,,,No scientific claim supported; request attempted with TLS verification.,"Bibliographic verification, full-text interpretation, completeness of search or absence of a precedent.",NOT_ASSESSED
L15,nuclear_claims,Hastings nuclear-site handoff lead; author-site search target.,blocked_search_target,https://www.ufohastings.com/,https://www.ufohastings.com/,NETWORK_BLOCKED,CONNECT_403,2026-10-04,,,No scientific claim supported; request attempted with TLS verification.,"Bibliographic verification, full-text interpretation, completeness of search or absence of a precedent.",NOT_ASSESSED
L16,case_crossover,Maclure 1991 case-crossover methodological lead; targeted bibliographic search.,blocked_search_target,https://api.crossref.org/works?query=Maclure%201991%20case%20crossover%20transient%20acute%20events&rows=3,https://api.crossref.org/works?query=Maclure%201991%20case%20crossover%20transient%20acute%20events&rows=3,NETWORK_BLOCKED,CONNECT_403,2026-10-04,,,No scientific claim supported; request attempted with TLS verification.,"Bibliographic verification, full-text interpretation, completeness of search or absence of a precedent.",NOT_ASSESSED
L17,solar_cycle,NOAA SWPC solar-cycle page; content not retrieved.,blocked_search_target,https://www.swpc.noaa.gov/phenomena/solar-cycle,https://www.swpc.noaa.gov/phenomena/solar-cycle,NETWORK_BLOCKED,CONNECT_403,2026-10-04,,,No scientific claim supported; request attempted with TLS verification.,"Bibliographic verification, full-text interpretation, completeness of search or absence of a precedent.",NOT_ASSESSED
L18,meteor_showers,International Meteor Organization calendar; content not retrieved.,blocked_search_target,https://www.imo.net/resources/calendar/,https://www.imo.net/resources/calendar/,NETWORK_BLOCKED,CONNECT_403,2026-10-04,,,No scientific claim supported; request attempted with TLS verification.,"Bibliographic verification, full-text interpretation, completeness of search or absence of a precedent.",NOT_ASSESSED
L19,uap_literature_search,Crossref search: UAP sky view air traffic Medina.,blocked_search_target,https://api.crossref.org/works?query=UAP%20sky%20view%20air%20traffic%20Medina&rows=4,https://api.crossref.org/works?query=UAP%20sky%20view%20air%20traffic%20Medina&rows=4,NETWORK_BLOCKED,CONNECT_403,2026-10-04,,,No scientific claim supported; request attempted with TLS verification.,"Bibliographic verification, full-text interpretation, completeness of search or absence of a precedent.",NOT_ASSESSED
L20,uap_literature_search,Crossref search: unidentified anomalous phenomena sightings local environment Scientific Reports.,blocked_search_target,https://api.crossref.org/works?query=unidentified%20anomalous%20phenomena%20sightings%20local%20environment%20scientific%20reports&rows=5,https://api.crossref.org/works?query=unidentified%20anomalous%20phenomena%20sightings%20local%20environment%20scientific%20reports&rows=5,NETWORK_BLOCKED,CONNECT_403,2026-10-04,,,No scientific claim supported; request attempted with TLS verification.,"Bibliographic verification, full-text interpretation, completeness of search or absence of a precedent.",NOT_ASSESSED
L21,uap_literature_search,OpenAlex search: unidentified anomalous phenomena Medina.,blocked_search_target,https://api.openalex.org/works?search=unidentified%20anomalous%20phenomena%20Medina&per-page=3,https://api.openalex.org/works?search=unidentified%20anomalous%20phenomena%20Medina&per-page=3,NETWORK_BLOCKED,CONNECT_403,2026-10-04,,,No scientific claim supported; request attempted with TLS verification.,"Bibliographic verification, full-text interpretation, completeness of search or absence of a precedent.",NOT_ASSESSED
L22,uap_literature_search,PMC search: unidentified anomalous phenomena Medina.,blocked_search_target,https://pmc.ncbi.nlm.nih.gov/?term=unidentified+anomalous+phenomena+Medina,https://pmc.ncbi.nlm.nih.gov/?term=unidentified+anomalous+phenomena+Medina,NETWORK_BLOCKED,CONNECT_403,2026-10-04,,,No scientific claim supported; request attempted with TLS verification.,"Bibliographic verification, full-text interpretation, completeness of search or absence of a precedent.",NOT_ASSESSED
L23,uap_literature_search,PubMed search: An environmental analysis of public UAP.,blocked_search_target,https://pubmed.ncbi.nlm.nih.gov/?term=An+environmental+analysis+of+public+UAP,https://pubmed.ncbi.nlm.nih.gov/?term=An+environmental+analysis+of+public+UAP,NETWORK_BLOCKED,CONNECT_403,2026-10-04,,,No scientific claim supported; request attempted with TLS verification.,"Bibliographic verification, full-text interpretation, completeness of search or absence of a precedent.",NOT_ASSESSED
L24,uap_literature_search,arXiv search: UAP Medina.,blocked_search_target,https://arxiv.org/search/?query=UAP+Medina&searchtype=all,https://arxiv.org/search/?query=UAP+Medina&searchtype=all,NETWORK_BLOCKED,CONNECT_403,2026-10-04,,,No scientific claim supported; request attempted with TLS verification.,"Bibliographic verification, full-text interpretation, completeness of search or absence of a precedent.",NOT_ASSESSED
