date,event,posted_per_day_pre30,posted_per_day_post30,retro_share_pre,retro_share_post,events_per_day_pre30,events_per_day_post30,hq_share_pre,hq_share_post,posted_ratio,event_ratio
1996-07-03,Independence Day release,0.0,0.0,,,2.533333333333333,1.6333333333333333,0.0,0.0,,0.6447368421052632
1997-03-13,Phoenix Lights (event; coverage peaks June 1997),0.0,0.0,,,1.4333333333333333,4.233333333333333,0.0,0.0,,2.953488372093023
1997-06-18,"Phoenix Lights national coverage (USA Today, June 18)",0.0,0.0,,,3.3666666666666667,4.9,0.0,0.0,,1.4554455445544556
2002-07-15,Signs (film) release window / NUFORC media,4.466666666666667,6.133333333333334,0.3358208955223881,0.22282608695652173,6.966666666666667,8.1,0.16267942583732056,0.1728395061728395,1.373134328358209,1.1626794258373205
2006-11-07,"O'Hare Airport UFO (coverage Jan 1, 2007)",28.633333333333333,0.0,0.20838183934807916,,7.1,8.266666666666667,0.107981220657277,0.14516129032258066,0.0,1.1643192488262912
2008-01-08,"Stephenville, Texas sightings coverage",0.0,8.766666666666667,,0.2585551330798479,7.733333333333333,8.6,0.0603448275862069,0.18992248062015504,inf,1.1120689655172413
2017-12-16,NYT AATIP / Navy videos story,12.2,12.0,0.07103825136612021,0.10833333333333334,11.266666666666667,9.266666666666667,0.21301775147928995,0.2517985611510791,0.9836065573770493,0.8224852071005917
2019-05-26,"NYT 'Wow, what is that?' Navy pilots story",5.0,14.4,0.14666666666666667,0.1111111111111111,9.8,10.166666666666666,0.21768707482993196,0.2360655737704918,2.88,1.0374149659863945
2020-04-27,DoD officially releases three Navy UAP videos,10.933333333333334,16.366666666666667,0.0975609756097561,0.07739307535641547,19.666666666666668,13.233333333333333,0.0711864406779661,0.017632241813602016,1.4969512195121952,0.6728813559322033
2021-05-16,60 Minutes UAP segment,4.4,8.966666666666667,0.06818181818181818,0.137546468401487,7.7,7.033333333333333,0.3463203463203463,0.08056872037914692,2.0378787878787876,0.9134199134199134
2021-06-25,ODNI Preliminary Assessment on UAP,0.0,0.0,,,5.466666666666667,4.033333333333333,0.012195121951219513,0.06611570247933884,,0.7378048780487805
2022-05-17,First Congressional UAP hearing in 50 years,6.566666666666666,3.1333333333333333,0.12690355329949238,0.13829787234042554,4.533333333333333,5.233333333333333,0.21323529411764705,0.15286624203821655,0.47715736040609136,1.1544117647058825
2023-02-04,Chinese balloon shootdown and Feb 10-12 object shootdowns,0.0,0.0,,,4.433333333333334,5.533333333333333,0.007518796992481203,0.39759036144578314,,1.2481203007518795
2023-07-26,House Oversight UAP hearing (Grusch),0.0,0.0,,,0.0,0.0,,,,
2023-09-14,NASA UAP Independent Study Team report,0.0,0.0,,,0.0,0.0,,,,
