feature,gain,subset,tag
shower_zhr_total,10102.92868065834,ALL,temporal_all
wx_sky_oktas,5160.695259094238,ALL,temporal_all
moon_illum,4081.795740842819,ALL,temporal_all
hol_independence_day,3802.587968349457,ALL,temporal_all
pdyn,3439.8471751213074,ALL,temporal_all
wx_dewpt_spread_c,3346.203815460205,ALL,temporal_all
moon_alt,3292.2269701957703,ALL,temporal_all
F107,3228.259959459305,ALL,temporal_all
wx_slp_hpa,3197.147048473358,ALL,temporal_all
pflux10,3147.5282423496246,ALL,temporal_all
v,2928.624323129654,ALL,temporal_all
bz_min_prior3h,2876.83305811882,ALL,temporal_all
SN,2813.918703317642,ALL,temporal_all
np,2728.047212123871,ALL,temporal_all
venus_alt,2625.9071140289307,ALL,temporal_all
jupiter_alt,2507.069273710251,ALL,temporal_all
ae_max_prior6h,2447.428480863571,ALL,temporal_all
efield,2405.127327442169,ALL,temporal_all
ae,2318.06090760231,ALL,temporal_all
wx_dslp_24h,2199.078159570694,ALL,temporal_all
dst_change_prior6h,2062.9637417793274,ALL,temporal_all
wx_temp_c,1976.7521846294403,ALL,temporal_all
dst_min_prior24h,1964.408326625824,ALL,temporal_all
wx_dslp_3h,1866.935926914215,ALL,temporal_all
wx_precip_1h_mm,1754.1542024612427,ALL,temporal_all
dst,1727.3285963535309,ALL,temporal_all
n_storm_pm12h_100km,1669.7717490196228,ALL,temporal_all
bz_gsm,1623.7434973716736,ALL,temporal_all
wx_wind_ms,1616.3379778862,ALL,temporal_all
wx_dtemp_24h,1571.5617260932922,ALL,temporal_all
Ap,1393.870846748352,ALL,temporal_all
kp_max_prior72h,1347.434008359909,ALL,temporal_all
kp_change_prior24h,1261.4616749286652,ALL,temporal_all
n_storm_pm3h_50km,1043.8042171001434,ALL,temporal_all
kp_max_prior24h,913.7733235359192,ALL,temporal_all
wx_dsky_6h,881.9271037578583,ALL,temporal_all
n_eq_pre7d_250km,683.0840847492218,ALL,temporal_all
kp,582.8474171161652,ALL,temporal_all
n_launch_lpost3h_1500km,508.75632762908936,ALL,temporal_all
n_flareMX_prior24h,405.254451751709,ALL,temporal_all
meteor_outburst_pm1d,385.5924687385559,ALL,temporal_all
iss_visible_win,328.2999005317688,ALL,temporal_all
hol_new_years_eve,305.50878858566284,ALL,temporal_all
wx_inversion_proxy,192.9641613960266,ALL,temporal_all
n_fb_pm30m_1000km,189.60980129241943,ALL,temporal_all
n_eq4_pre7d_500km,135.54101085662842,ALL,temporal_all
n_launch_lpm24h_1000km,126.39236831665039,ALL,temporal_all
n_eq_pre1d_100km,40.491610527038574,ALL,temporal_all
n_eq_post1d_100km,38.83430027961731,ALL,temporal_all
media_event_within30d,16.84299945831299,ALL,temporal_all
hol_halloween,0.0,ALL,temporal_all
wx_sky_oktas,5052.786599397659,ALL,temporal_novel_only
moon_illum,4752.105762720108,ALL,temporal_novel_only
F107,4187.593867063522,ALL,temporal_novel_only
pdyn,4178.257567882538,ALL,temporal_novel_only
pflux10,3946.8180696964264,ALL,temporal_novel_only
wx_dewpt_spread_c,3721.809478521347,ALL,temporal_novel_only
ae_max_prior6h,3412.4292318820953,ALL,temporal_novel_only
np,3403.1477365493774,ALL,temporal_novel_only
v,3398.2200644016266,ALL,temporal_novel_only
bz_min_prior3h,3387.2110481262207,ALL,temporal_novel_only
wx_slp_hpa,3292.999568462372,ALL,temporal_novel_only
SN,3219.044780731201,ALL,temporal_novel_only
dst_min_prior24h,2701.595479249954,ALL,temporal_novel_only
ae,2672.852548122406,ALL,temporal_novel_only
wx_dslp_24h,2666.7696142196655,ALL,temporal_novel_only
efield,2572.857914209366,ALL,temporal_novel_only
wx_temp_c,2448.436744451523,ALL,temporal_novel_only
wx_dslp_3h,2419.472506761551,ALL,temporal_novel_only
dst,2373.0304222106934,ALL,temporal_novel_only
dst_change_prior6h,2293.9909088611603,ALL,temporal_novel_only
wx_dtemp_24h,2269.124558210373,ALL,temporal_novel_only
kp_max_prior72h,2048.694999933243,ALL,temporal_novel_only
wx_wind_ms,2042.6141605377197,ALL,temporal_novel_only
bz_gsm,2021.2452836036682,ALL,temporal_novel_only
wx_precip_1h_mm,1784.7284512519836,ALL,temporal_novel_only
Ap,1746.654263496399,ALL,temporal_novel_only
kp_change_prior24h,1557.942288160324,ALL,temporal_novel_only
kp_max_prior24h,1125.3090903759003,ALL,temporal_novel_only
wx_dsky_6h,891.5236897468567,ALL,temporal_novel_only
kp,889.5362668037415,ALL,temporal_novel_only
n_flareMX_prior24h,875.2537899017334,ALL,temporal_novel_only
n_storm_pm12h_100km,617.8461463451385,ALL,temporal_novel_only
n_eq_pre7d_250km,604.2375693321228,ALL,temporal_novel_only
wx_inversion_proxy,213.4819974899292,ALL,temporal_novel_only
n_eq4_pre7d_500km,122.623619556427,ALL,temporal_novel_only
n_storm_pm3h_50km,60.90775966644287,ALL,temporal_novel_only
n_eq_post1d_100km,57.2872109413147,ALL,temporal_novel_only
n_eq_pre1d_100km,45.427979469299316,ALL,temporal_novel_only
media_event_within30d,24.712520122528076,ALL,temporal_novel_only
dist_large_airport_km,14714.365150928497,ALL,spatial
dist_small_airport_km,10170.286824822426,ALL,spatial
dist_coast_km,9984.267434120178,ALL,spatial
lat,8108.451206207275,ALL,spatial
dist_nuclear_test_site_km,7424.569267272949,ALL,spatial
dist_medium_airport_km,7179.610258579254,ALL,spatial
dist_icbm_field_active_km,6966.40273475647,ALL,spatial
lon,6843.445343017578,ALL,spatial
dist_sua_moa_km,6085.642760276794,ALL,spatial
dist_launch_site_km,5957.629767656326,ALL,spatial
dist_dod_air_naval_km,5193.915081977844,ALL,spatial
dist_dod_boundary_km,4725.645033121109,ALL,spatial
dist_sua_restricted_km,4713.740036249161,ALL,spatial
dist_dod_site_km,4480.376056909561,ALL,spatial
dist_sua_alert_km,4463.821111679077,ALL,spatial
wx_sky_oktas,4307.548036813736,ALL,spatial
dist_nuclear_operating_km,4053.3523964881897,ALL,spatial
dist_doe_weapons_active_km,3657.2603693008423,ALL,spatial
dist_nuclear_any_active_km,3575.8875019550323,ALL,spatial
wx_temp_c,3371.194750070572,ALL,spatial
n_airports_lm_25km,2309.8525314331055,ALL,spatial
wx_wind_ms,2047.9834034442902,ALL,spatial
n_dod_sites_50km,1839.14674782753,ALL,spatial
n_eq_pre7d_250km,656.855749130249,ALL,spatial
n_storm_pm3h_50km,156.46586799621582,ALL,spatial
shower_zhr_total,2889.111601829529,HQ_UNEXPLAINED,temporal_all
moon_alt,2449.17983686924,HQ_UNEXPLAINED,temporal_all
pdyn,2343.4593851566315,HQ_UNEXPLAINED,temporal_all
wx_slp_hpa,2232.8033277988434,HQ_UNEXPLAINED,temporal_all
F107,2217.0430595874786,HQ_UNEXPLAINED,temporal_all
moon_illum,2138.1809692382812,HQ_UNEXPLAINED,temporal_all
SN,2024.4872572422028,HQ_UNEXPLAINED,temporal_all
np,1989.8495703935623,HQ_UNEXPLAINED,temporal_all
jupiter_alt,1842.3667423725128,HQ_UNEXPLAINED,temporal_all
efield,1830.3604904413223,HQ_UNEXPLAINED,temporal_all
v,1792.00718832016,HQ_UNEXPLAINED,temporal_all
wx_dewpt_spread_c,1771.2838587760925,HQ_UNEXPLAINED,temporal_all
venus_alt,1714.781904220581,HQ_UNEXPLAINED,temporal_all
wx_temp_c,1634.1186077594757,HQ_UNEXPLAINED,temporal_all
ae_max_prior6h,1526.2655999660492,HQ_UNEXPLAINED,temporal_all
wx_dslp_24h,1504.5539720058441,HQ_UNEXPLAINED,temporal_all
pflux10,1503.6335104703903,HQ_UNEXPLAINED,temporal_all
bz_min_prior3h,1491.7426917552948,HQ_UNEXPLAINED,temporal_all
dst_change_prior6h,1459.2223813533783,HQ_UNEXPLAINED,temporal_all
wx_dslp_3h,1406.227323293686,HQ_UNEXPLAINED,temporal_all
dst_min_prior24h,1405.2252717018127,HQ_UNEXPLAINED,temporal_all
wx_dtemp_24h,1366.9496004581451,HQ_UNEXPLAINED,temporal_all
wx_wind_ms,1215.1111693382263,HQ_UNEXPLAINED,temporal_all
ae,1203.4601213932037,HQ_UNEXPLAINED,temporal_all
dst,1178.9589796066284,HQ_UNEXPLAINED,temporal_all
bz_gsm,1089.7928729057312,HQ_UNEXPLAINED,temporal_all
wx_sky_oktas,1081.2352561950684,HQ_UNEXPLAINED,temporal_all
kp_max_prior72h,933.0502805709839,HQ_UNEXPLAINED,temporal_all
kp_change_prior24h,914.3519381284714,HQ_UNEXPLAINED,temporal_all
kp,775.4439806938171,HQ_UNEXPLAINED,temporal_all
Ap,737.2146198749542,HQ_UNEXPLAINED,temporal_all
kp_max_prior24h,647.9333000183105,HQ_UNEXPLAINED,temporal_all
wx_dsky_6h,438.357962846756,HQ_UNEXPLAINED,temporal_all
wx_precip_1h_mm,408.4494072198868,HQ_UNEXPLAINED,temporal_all
n_flareMX_prior24h,317.712210893631,HQ_UNEXPLAINED,temporal_all
n_eq_pre7d_250km,213.67746949195862,HQ_UNEXPLAINED,temporal_all
n_storm_pm12h_100km,116.97427010536194,HQ_UNEXPLAINED,temporal_all
iss_visible_win,88.81146097183228,HQ_UNEXPLAINED,temporal_all
wx_inversion_proxy,51.26323914527893,HQ_UNEXPLAINED,temporal_all
n_eq4_pre7d_500km,33.21078062057495,HQ_UNEXPLAINED,temporal_all
n_launch_lpm24h_1000km,27.305880069732666,HQ_UNEXPLAINED,temporal_all
n_eq_post1d_100km,1.9770300388336182,HQ_UNEXPLAINED,temporal_all
meteor_outburst_pm1d,0.0,HQ_UNEXPLAINED,temporal_all
n_launch_lpost3h_1500km,0.0,HQ_UNEXPLAINED,temporal_all
n_fb_pm30m_1000km,0.0,HQ_UNEXPLAINED,temporal_all
n_storm_pm3h_50km,0.0,HQ_UNEXPLAINED,temporal_all
n_eq_pre1d_100km,0.0,HQ_UNEXPLAINED,temporal_all
media_event_within30d,0.0,HQ_UNEXPLAINED,temporal_all
hol_independence_day,0.0,HQ_UNEXPLAINED,temporal_all
hol_new_years_eve,0.0,HQ_UNEXPLAINED,temporal_all
hol_halloween,0.0,HQ_UNEXPLAINED,temporal_all
pdyn,2599.933761358261,HQ_UNEXPLAINED,temporal_novel_only
moon_illum,2592.1690096855164,HQ_UNEXPLAINED,temporal_novel_only
F107,2547.1061319112778,HQ_UNEXPLAINED,temporal_novel_only
wx_slp_hpa,2408.1522159576416,HQ_UNEXPLAINED,temporal_novel_only
np,2265.4741790294647,HQ_UNEXPLAINED,temporal_novel_only
v,2149.8665186166763,HQ_UNEXPLAINED,temporal_novel_only
ae_max_prior6h,2100.7452647686005,HQ_UNEXPLAINED,temporal_novel_only
wx_dewpt_spread_c,2083.735172390938,HQ_UNEXPLAINED,temporal_novel_only
SN,1921.9781539440155,HQ_UNEXPLAINED,temporal_novel_only
ae,1917.4247119426727,HQ_UNEXPLAINED,temporal_novel_only
efield,1888.8482043743134,HQ_UNEXPLAINED,temporal_novel_only
bz_min_prior3h,1835.207914352417,HQ_UNEXPLAINED,temporal_novel_only
wx_dtemp_24h,1809.6559394598007,HQ_UNEXPLAINED,temporal_novel_only
wx_dslp_3h,1774.471275806427,HQ_UNEXPLAINED,temporal_novel_only
wx_temp_c,1771.9763692617416,HQ_UNEXPLAINED,temporal_novel_only
wx_dslp_24h,1589.1530669927597,HQ_UNEXPLAINED,temporal_novel_only
dst_min_prior24h,1586.4025621414185,HQ_UNEXPLAINED,temporal_novel_only
dst_change_prior6h,1542.6934827566147,HQ_UNEXPLAINED,temporal_novel_only
pflux10,1538.2237895727158,HQ_UNEXPLAINED,temporal_novel_only
dst,1418.5781413316727,HQ_UNEXPLAINED,temporal_novel_only
wx_wind_ms,1317.1741800308228,HQ_UNEXPLAINED,temporal_novel_only
bz_gsm,1256.6120611429214,HQ_UNEXPLAINED,temporal_novel_only
kp_change_prior24h,1091.4963201284409,HQ_UNEXPLAINED,temporal_novel_only
wx_sky_oktas,1030.946280002594,HQ_UNEXPLAINED,temporal_novel_only
kp_max_prior72h,954.1129283905029,HQ_UNEXPLAINED,temporal_novel_only
kp,847.814124584198,HQ_UNEXPLAINED,temporal_novel_only
Ap,824.7224473953247,HQ_UNEXPLAINED,temporal_novel_only
kp_max_prior24h,794.5553119182587,HQ_UNEXPLAINED,temporal_novel_only
wx_precip_1h_mm,475.18402910232544,HQ_UNEXPLAINED,temporal_novel_only
wx_dsky_6h,457.10905027389526,HQ_UNEXPLAINED,temporal_novel_only
n_flareMX_prior24h,352.7815318107605,HQ_UNEXPLAINED,temporal_novel_only
n_eq_pre7d_250km,256.5879592895508,HQ_UNEXPLAINED,temporal_novel_only
n_storm_pm12h_100km,128.12604999542236,HQ_UNEXPLAINED,temporal_novel_only
wx_inversion_proxy,79.51371932029724,HQ_UNEXPLAINED,temporal_novel_only
n_eq4_pre7d_500km,38.61279058456421,HQ_UNEXPLAINED,temporal_novel_only
n_eq_post1d_100km,2.054879903793335,HQ_UNEXPLAINED,temporal_novel_only
n_eq_pre1d_100km,0.0,HQ_UNEXPLAINED,temporal_novel_only
media_event_within30d,0.0,HQ_UNEXPLAINED,temporal_novel_only
n_storm_pm3h_50km,0.0,HQ_UNEXPLAINED,temporal_novel_only
dist_large_airport_km,6223.646197080612,HQ_UNEXPLAINED,spatial
dist_small_airport_km,4122.483440756798,HQ_UNEXPLAINED,spatial
dist_dod_site_km,3595.0128679275513,HQ_UNEXPLAINED,spatial
dist_medium_airport_km,3284.280351281166,HQ_UNEXPLAINED,spatial
dist_coast_km,3062.8705775737762,HQ_UNEXPLAINED,spatial
lat,2982.790722966194,HQ_UNEXPLAINED,spatial
lon,2827.5207825899124,HQ_UNEXPLAINED,spatial
wx_temp_c,2770.588101387024,HQ_UNEXPLAINED,spatial
dist_sua_moa_km,2582.341278076172,HQ_UNEXPLAINED,spatial
dist_sua_restricted_km,2569.9929906129837,HQ_UNEXPLAINED,spatial
dist_sua_alert_km,2562.0641796588898,HQ_UNEXPLAINED,spatial
dist_dod_boundary_km,2549.324629187584,HQ_UNEXPLAINED,spatial
dist_launch_site_km,2088.67080616951,HQ_UNEXPLAINED,spatial
dist_dod_air_naval_km,2070.7030839920044,HQ_UNEXPLAINED,spatial
dist_nuclear_any_active_km,2012.0003747940063,HQ_UNEXPLAINED,spatial
dist_doe_weapons_active_km,1956.5021297931671,HQ_UNEXPLAINED,spatial
dist_icbm_field_active_km,1901.1389091014862,HQ_UNEXPLAINED,spatial
wx_wind_ms,1735.7520689964294,HQ_UNEXPLAINED,spatial
dist_nuclear_test_site_km,1726.9085043668747,HQ_UNEXPLAINED,spatial
dist_nuclear_operating_km,1660.4116418361664,HQ_UNEXPLAINED,spatial
wx_sky_oktas,1138.4107350111008,HQ_UNEXPLAINED,spatial
n_airports_lm_25km,764.4400664567947,HQ_UNEXPLAINED,spatial
n_dod_sites_50km,512.5707409381866,HQ_UNEXPLAINED,spatial
n_eq_pre7d_250km,281.52716994285583,HQ_UNEXPLAINED,spatial
n_storm_pm3h_50km,0.0,HQ_UNEXPLAINED,spatial
