model,tag,label,auc,conditional_auc,n,n_cases
lgb,temporal_all,ALL,0.5958778007918115,0.586558516801854,133560,30000
rf,temporal_all,ALL,0.581362840382387,0.5776168404789495,133560,30000
l1,temporal_all,ALL,0.5652436938328828,0.5590285824642719,133560,30000
lgb,temporal_novel_only,ALL,0.5750108561864298,0.5691290073387408,133560,30000
rf,temporal_novel_only,ALL,0.5715840068559289,0.5673329470838161,133560,30000
l1,temporal_novel_only,ALL,0.5561373380970773,0.5504248744689069,133560,30000
lgb,spatial,ALL,0.672352188662177,0.6715582805642107,149388,30000
rf,spatial,ALL,0.6731821141990819,0.6721027238918484,149388,30000
l1,spatial,ALL,0.5859971668006835,0.5906707541796495,149388,30000
lgb,temporal_all,HQ_UNEXPLAINED,0.5685899018600751,0.5576793847532293,17331,3938
rf,temporal_all,HQ_UNEXPLAINED,0.5716114047585253,0.5695512581199134,17331,3938
l1,temporal_all,HQ_UNEXPLAINED,0.5723123026487954,0.5729112222802957,17331,3938
lgb,temporal_novel_only,HQ_UNEXPLAINED,0.5606645122143922,0.5587247069364594,17331,3938
rf,temporal_novel_only,HQ_UNEXPLAINED,0.5706827077067805,0.569401926379452,17331,3938
l1,temporal_novel_only,HQ_UNEXPLAINED,0.564927150341986,0.5672366161427611,17331,3938
lgb,spatial,HQ_UNEXPLAINED,0.7118890146234257,0.7112860056079532,19630,3938
rf,spatial,HQ_UNEXPLAINED,0.695013630207808,0.6965969920978843,19630,3938
l1,spatial,HQ_UNEXPLAINED,0.6287662211901086,0.6408998215651287,19630,3938
