var,strategy,p_nonlinear,grid,or_vs_median
kp_max_prior24h,CS1,0.1340782210446342,"[np.float64(0.333), np.float64(1.333), np.float64(2.0), np.float64(2.667), np.float64(3.667), np.float64(5.0), np.float64(7.0)]","[np.float64(1.027), np.float64(1.001), np.float64(0.994), np.float64(1.0), np.float64(1.024), np.float64(1.05), np.float64(1.079)]"
dst_min_prior24h,CS1,0.06641210778683664,"[np.float64(-124.0), np.float64(-53.0), np.float64(-33.0), np.float64(-19.0), np.float64(-10.0), np.float64(-4.0), np.float64(5.0)]","[np.float64(1.106), np.float64(1.039), np.float64(1.016), np.float64(1.0), np.float64(1.003), np.float64(1.015), np.float64(1.048)]"
ae_max_prior6h,CS1,0.4386526930475234,"[np.float64(16.0), np.float64(43.0), np.float64(84.0), np.float64(212.0), np.float64(430.0), np.float64(660.0), np.float64(1101.0)]","[np.float64(1.011), np.float64(1.008), np.float64(1.004), np.float64(1.0), np.float64(1.012), np.float64(1.029), np.float64(1.073)]"
bz_min_prior3h,CS1,0.0009462766555069686,"[np.float64(-10.1), np.float64(-4.3), np.float64(-2.5), np.float64(-1.0), np.float64(0.3), np.float64(1.6), np.float64(6.3)]","[np.float64(1.062), np.float64(1.01), np.float64(1.003), np.float64(1.0), np.float64(1.001), np.float64(1.004), np.float64(1.037)]"
v,CS1,0.03698306589172459,"[np.float64(278.0), np.float64(317.0), np.float64(351.0), np.float64(404.0), np.float64(481.0), np.float64(578.0), np.float64(723.0)]","[np.float64(1.064), np.float64(1.026), np.float64(1.006), np.float64(1.0), np.float64(1.017), np.float64(1.035), np.float64(1.052)]"
pdyn,CS1,0.14596313850153897,"[np.float64(0.35), np.float64(0.73), np.float64(1.04), np.float64(1.53), np.float64(2.31), np.float64(3.41), np.float64(8.17)]","[np.float64(0.975), np.float64(0.986), np.float64(0.993), np.float64(1.0), np.float64(1.006), np.float64(1.013), np.float64(1.028)]"
F107,CS1,0.0004939249133783635,"[np.float64(65.9), np.float64(70.0), np.float64(81.2), np.float64(109.7), np.float64(140.2), np.float64(172.3), np.float64(242.0)]","[np.float64(1.088), np.float64(1.069), np.float64(1.026), np.float64(1.0), np.float64(1.047), np.float64(1.093), np.float64(1.158)]"
moon_illum,CS1,0.7177950621828205,"[np.float64(0.001), np.float64(0.026), np.float64(0.15), np.float64(0.499), np.float64(0.849), np.float64(0.974), np.float64(0.999)]","[np.float64(1.043), np.float64(1.039), np.float64(1.024), np.float64(1.0), np.float64(0.973), np.float64(0.955), np.float64(0.952)]"
moon_up_illum,CS1,0.49813761305379045,"[np.float64(0.0), np.float64(0.0), np.float64(0.0), np.float64(0.0), np.float64(0.682), np.float64(0.954), np.float64(0.999)]","[np.float64(1.0), np.float64(1.0), np.float64(1.0), np.float64(1.0), np.float64(0.945), np.float64(0.914), np.float64(0.909)]"
wx_sky_oktas,CS1,1.0528167774612692e-12,"[np.float64(0.0), np.float64(0.0), np.float64(0.0), np.float64(4.0), np.float64(8.0), np.float64(8.0), np.float64(8.0)]","[np.float64(1.215), np.float64(1.215), np.float64(1.215), np.float64(1.0), np.float64(0.59), np.float64(0.59), np.float64(0.59)]"
wx_temp_c,CS1,6.908550665516535e-05,"[np.float64(-10.0), np.float64(2.2), np.float64(9.4), np.float64(16.7), np.float64(22.8), np.float64(27.0), np.float64(35.0)]","[np.float64(1.083), np.float64(0.938), np.float64(0.936), np.float64(1.0), np.float64(1.052), np.float64(1.05), np.float64(0.978)]"
wx_dewpt_spread_c,CS1,2.1140816156951879e-35,"[np.float64(0.0), np.float64(1.5), np.float64(2.8), np.float64(5.6), np.float64(10.0), np.float64(16.1), np.float64(32.7)]","[np.float64(0.569), np.float64(0.687), np.float64(0.798), np.float64(1.0), np.float64(1.205), np.float64(1.445), np.float64(1.739)]"
wx_dslp_24h,CS1,9.472854429941145e-07,"[np.float64(-15.5), np.float64(-5.9), np.float64(-2.7), np.float64(0.0), np.float64(2.8), np.float64(6.7), np.float64(16.8)]","[np.float64(0.669), np.float64(0.893), np.float64(0.956), np.float64(1.0), np.float64(1.037), np.float64(1.073), np.float64(1.091)]"
wx_wind_ms,CS1,0.0021102613673159953,"[np.float64(0.0), np.float64(0.0), np.float64(1.5), np.float64(3.0), np.float64(4.1), np.float64(6.2), np.float64(10.3)]","[np.float64(1.152), np.float64(1.152), np.float64(1.096), np.float64(1.0), np.float64(0.923), np.float64(0.813), np.float64(0.7)]"
