a,b,mean_abs_interaction,main_a,main_b,subset,tag
wx_sky_oktas,wx_dewpt_spread_c,0.03682341855513843,0.10625188824124225,0.0572704080010346,ALL,temporal_all
shower_zhr_total,n_storm_pm12h_100km,0.01662615102038597,0.05917455467865605,0.016570960938025413,ALL,temporal_all
shower_zhr_total,wx_sky_oktas,0.012716875995149906,0.05917455467865605,0.10625188824124225,ALL,temporal_all
moon_illum,shower_zhr_total,0.009884302627562336,0.024108990487160024,0.05917455467865605,ALL,temporal_all
wx_sky_oktas,wx_temp_c,0.009606485979743874,0.10625188824124225,0.014594159831235343,ALL,temporal_all
wx_dewpt_spread_c,wx_wind_ms,0.008586916750245931,0.0572704080010346,0.03108133128957418,ALL,temporal_all
wx_sky_oktas,wx_precip_1h_mm,0.008545859068362827,0.10625188824124225,0.02607892340264629,ALL,temporal_all
bz_min_prior3h,shower_zhr_total,0.008372223704268225,0.013971596139788718,0.05917455467865605,ALL,temporal_all
moon_alt,wx_sky_oktas,0.007806152853487751,0.02485113092613549,0.10625188824124225,ALL,temporal_all
wx_sky_oktas,wx_slp_hpa,0.007231234756406144,0.10625188824124225,0.034941673082950944,ALL,temporal_all
shower_zhr_total,n_storm_pm3h_50km,0.007108757327334941,0.05917455467865605,0.003109168418442293,ALL,temporal_all
wx_temp_c,wx_dewpt_spread_c,0.006981987054562759,0.014594159831235343,0.0572704080010346,ALL,temporal_all
F107,SN,0.006956173728848107,0.015025538624049086,0.011974302291145742,ALL,temporal_all
pdyn,efield,0.006850667941282243,0.020351094354409793,0.011289993970607926,ALL,temporal_all
pdyn,shower_zhr_total,0.00683290476184687,0.020351094354409793,0.05917455467865605,ALL,temporal_all
F107,moon_alt,0.006744527477272602,0.015025538624049086,0.02485113092613549,ALL,temporal_all
shower_zhr_total,wx_temp_c,0.006711696085322401,0.05917455467865605,0.014594159831235343,ALL,temporal_all
v,moon_illum,0.0066112997839094315,0.01876292855525784,0.024108990487160024,ALL,temporal_all
shower_zhr_total,wx_slp_hpa,0.0061265801182545125,0.05917455467865605,0.034941673082950944,ALL,temporal_all
ae_max_prior6h,v,0.005925140993478504,0.012189410449961902,0.01876292855525784,ALL,temporal_all
pflux10,moon_illum,0.005844454849422243,0.011157703826413276,0.024108990487160024,ALL,temporal_all
v,shower_zhr_total,0.0058432745808249835,0.01876292855525784,0.05917455467865605,ALL,temporal_all
moon_illum,wx_sky_oktas,0.005815904931049325,0.024108990487160024,0.10625188824124225,ALL,temporal_all
pdyn,moon_illum,0.005814084509516113,0.020351094354409793,0.024108990487160024,ALL,temporal_all
kp_max_prior72h,shower_zhr_total,0.005605621528032483,0.013224105159841052,0.05917455467865605,ALL,temporal_all
kp_max_prior72h,dst_min_prior24h,0.005590173548011838,0.013224105159841052,0.009545598130135991,ALL,temporal_all
wx_dewpt_spread_c,wx_slp_hpa,0.005589659802548258,0.0572704080010346,0.034941673082950944,ALL,temporal_all
pflux10,shower_zhr_total,0.005472555025507502,0.011157703826413276,0.05917455467865605,ALL,temporal_all
np,shower_zhr_total,0.00544910912297683,0.01241313897774259,0.05917455467865605,ALL,temporal_all
np,pdyn,0.005435246313349842,0.01241313897774259,0.020351094354409793,ALL,temporal_all
moon_illum,wx_dewpt_spread_c,0.005380425961537293,0.024108990487160024,0.0572704080010346,ALL,temporal_all
moon_alt,shower_zhr_total,0.005337248046201725,0.02485113092613549,0.05917455467865605,ALL,temporal_all
v,np,0.00533304772172164,0.01876292855525784,0.01241313897774259,ALL,temporal_all
efield,shower_zhr_total,0.005323840414201713,0.011289993970607926,0.05917455467865605,ALL,temporal_all
kp_max_prior72h,moon_alt,0.005288619699472866,0.013224105159841052,0.02485113092613549,ALL,temporal_all
pflux10,wx_sky_oktas,0.0052188699460567894,0.011157703826413276,0.10625188824124225,ALL,temporal_all
pdyn,F107,0.00517448553929988,0.020351094354409793,0.015025538624049086,ALL,temporal_all
kp_max_prior72h,v,0.0051125242238290024,0.013224105159841052,0.01876292855525784,ALL,temporal_all
shower_zhr_total,wx_wind_ms,0.005070904538745431,0.05917455467865605,0.03108133128957418,ALL,temporal_all
moon_alt,wx_dewpt_spread_c,0.005023039149762099,0.02485113092613549,0.0572704080010346,ALL,temporal_all
wx_sky_oktas,wx_dewpt_spread_c,0.034773800667848395,0.10257362659107015,0.061789413957674386,ALL,temporal_novel_only
wx_sky_oktas,wx_temp_c,0.01701873521917612,0.10257362659107015,0.019048868206758114,ALL,temporal_novel_only
F107,SN,0.013015983287717966,0.019431432256168515,0.016913782177092506,ALL,temporal_novel_only
wx_sky_oktas,wx_precip_1h_mm,0.010590578094052816,0.10257362659107015,0.028417220300882326,ALL,temporal_novel_only
moon_illum,wx_sky_oktas,0.010078426409916156,0.03353090185109961,0.10257362659107015,ALL,temporal_novel_only
np,pdyn,0.009960028193110674,0.0137397579246308,0.02187051112217771,ALL,temporal_novel_only
wx_sky_oktas,wx_slp_hpa,0.00995695811563108,0.10257362659107015,0.033137447375110596,ALL,temporal_novel_only
wx_dewpt_spread_c,wx_wind_ms,0.008364760801082916,0.061789413957674386,0.03170030280941477,ALL,temporal_novel_only
wx_sky_oktas,wx_wind_ms,0.008221573239241949,0.10257362659107015,0.03170030280941477,ALL,temporal_novel_only
ae_max_prior6h,v,0.008051568265829243,0.01524950333157493,0.018265390888610577,ALL,temporal_novel_only
pdyn,moon_illum,0.00752518460655814,0.02187051112217771,0.03353090185109961,ALL,temporal_novel_only
kp_max_prior72h,F107,0.007518610125460003,0.02306933868604641,0.019431432256168515,ALL,temporal_novel_only
F107,moon_illum,0.007448705453599306,0.019431432256168515,0.03353090185109961,ALL,temporal_novel_only
moon_illum,wx_dewpt_spread_c,0.007316350870161657,0.03353090185109961,0.061789413957674386,ALL,temporal_novel_only
v,moon_illum,0.007017622161482003,0.018265390888610577,0.03353090185109961,ALL,temporal_novel_only
SN,moon_illum,0.007013480680627433,0.016913782177092506,0.03353090185109961,ALL,temporal_novel_only
kp_max_prior72h,bz_min_prior3h,0.0068788314852796335,0.02306933868604641,0.015628168549069215,ALL,temporal_novel_only
kp_max_prior72h,dst_min_prior24h,0.006380862066400049,0.02306933868604641,0.010072347291102427,ALL,temporal_novel_only
pdyn,pflux10,0.006367517784447317,0.02187051112217771,0.011251220122031558,ALL,temporal_novel_only
SN,wx_sky_oktas,0.006276683644274531,0.016913782177092506,0.10257362659107015,ALL,temporal_novel_only
dst_min_prior24h,F107,0.0061659392153407735,0.010072347291102427,0.019431432256168515,ALL,temporal_novel_only
pflux10,wx_sky_oktas,0.006134656316588483,0.011251220122031558,0.10257362659107015,ALL,temporal_novel_only
bz_min_prior3h,pdyn,0.006129129762038503,0.015628168549069215,0.02187051112217771,ALL,temporal_novel_only
wx_dewpt_spread_c,wx_slp_hpa,0.00607043498912175,0.061789413957674386,0.033137447375110596,ALL,temporal_novel_only
np,F107,0.006018141920945504,0.0137397579246308,0.019431432256168515,ALL,temporal_novel_only
bz_min_prior3h,moon_illum,0.005572870911784371,0.015628168549069215,0.03353090185109961,ALL,temporal_novel_only
pdyn,efield,0.005558005363503463,0.02187051112217771,0.011047893245381721,ALL,temporal_novel_only
ae,ae_max_prior6h,0.005556884062958643,0.010224083216548491,0.01524950333157493,ALL,temporal_novel_only
wx_wind_ms,wx_slp_hpa,0.005522454334075286,0.03170030280941477,0.033137447375110596,ALL,temporal_novel_only
pdyn,F107,0.0055149149273675275,0.02187051112217771,0.019431432256168515,ALL,temporal_novel_only
kp_max_prior72h,dst,0.005457485409902969,0.02306933868604641,0.012633605450582643,ALL,temporal_novel_only
pflux10,F107,0.005399632764551521,0.011251220122031558,0.019431432256168515,ALL,temporal_novel_only
v,pdyn,0.0053868619712976115,0.018265390888610577,0.02187051112217771,ALL,temporal_novel_only
ae,v,0.005382645570693572,0.010224083216548491,0.018265390888610577,ALL,temporal_novel_only
pflux10,moon_illum,0.005318424465605644,0.011251220122031558,0.03353090185109961,ALL,temporal_novel_only
kp_max_prior72h,wx_dewpt_spread_c,0.005290004351338464,0.02306933868604641,0.061789413957674386,ALL,temporal_novel_only
dst,v,0.0052778909361234135,0.012633605450582643,0.018265390888610577,ALL,temporal_novel_only
moon_illum,wx_temp_c,0.005265958813709134,0.03353090185109961,0.019048868206758114,ALL,temporal_novel_only
kp_max_prior72h,ae_max_prior6h,0.0052559800439598205,0.02306933868604641,0.01524950333157493,ALL,temporal_novel_only
v,pflux10,0.005243504752380824,0.018265390888610577,0.011251220122031558,ALL,temporal_novel_only
dist_large_airport_km,dist_nuclear_test_site_km,0.03385030297115183,0.199636674150902,0.06208435062190289,ALL,spatial
dist_large_airport_km,lon,0.03321902479905176,0.199636674150902,0.04752141149697299,ALL,spatial
dist_large_airport_km,dist_icbm_field_active_km,0.02925740018841206,0.199636674150902,0.05454894212921598,ALL,spatial
dist_large_airport_km,dist_small_airport_km,0.028090967949712352,0.199636674150902,0.03949605203891472,ALL,spatial
dist_medium_airport_km,dist_small_airport_km,0.02402058320834102,0.04043614869312221,0.03949605203891472,ALL,spatial
dist_icbm_field_active_km,lon,0.023584426108816017,0.05454894212921598,0.04752141149697299,ALL,spatial
dist_large_airport_km,dist_sua_moa_km,0.023105145148415607,0.199636674150902,0.03778887043808497,ALL,spatial
dist_medium_airport_km,n_airports_lm_25km,0.019543613831067497,0.04043614869312221,0.04317935512931804,ALL,spatial
dist_coast_km,lat,0.01925115846439871,0.05878062300907626,0.053924017514040475,ALL,spatial
dist_large_airport_km,dist_launch_site_km,0.018689573467001463,0.199636674150902,0.04084586105735333,ALL,spatial
dist_nuclear_test_site_km,dist_coast_km,0.018501034676383928,0.06208435062190289,0.05878062300907626,ALL,spatial
dist_large_airport_km,lat,0.01779591240881632,0.199636674150902,0.053924017514040475,ALL,spatial
dist_icbm_field_active_km,dist_doe_weapons_active_km,0.017352410662289066,0.05454894212921598,0.02082060101570885,ALL,spatial
wx_sky_oktas,wx_temp_c,0.016801424263837322,0.09020245412178726,0.01475820256175501,ALL,spatial
dist_large_airport_km,dist_doe_weapons_active_km,0.016451681945028607,0.199636674150902,0.02082060101570885,ALL,spatial
dist_large_airport_km,dist_coast_km,0.015134560931718777,0.199636674150902,0.05878062300907626,ALL,spatial
dist_large_airport_km,dist_dod_air_naval_km,0.015108217117287019,0.199636674150902,0.026876229533341275,ALL,spatial
dist_small_airport_km,lat,0.014694360965290967,0.03949605203891472,0.053924017514040475,ALL,spatial
dist_large_airport_km,wx_sky_oktas,0.01436970329970296,0.199636674150902,0.09020245412178726,ALL,spatial
dist_sua_moa_km,dist_coast_km,0.01409913328621776,0.03778887043808497,0.05878062300907626,ALL,spatial
dist_medium_airport_km,dist_sua_alert_km,0.014064096031003838,0.04043614869312221,0.024324362592970567,ALL,spatial
lat,lon,0.013894097970036903,0.053924017514040475,0.04752141149697299,ALL,spatial
dist_sua_alert_km,lat,0.013606627102904542,0.024324362592970567,0.053924017514040475,ALL,spatial
dist_medium_airport_km,dist_dod_air_naval_km,0.01345725435446545,0.04043614869312221,0.026876229533341275,ALL,spatial
dist_nuclear_test_site_km,lon,0.01219410550688302,0.06208435062190289,0.04752141149697299,ALL,spatial
dist_small_airport_km,dist_launch_site_km,0.012132766352356026,0.03949605203891472,0.04084586105735333,ALL,spatial
dist_nuclear_test_site_km,wx_sky_oktas,0.0121021444059705,0.06208435062190289,0.09020245412178726,ALL,spatial
dist_large_airport_km,dist_sua_alert_km,0.011472410298424563,0.199636674150902,0.024324362592970567,ALL,spatial
dist_icbm_field_active_km,lat,0.011066493929639936,0.05454894212921598,0.053924017514040475,ALL,spatial
dist_medium_airport_km,lat,0.010959880865886668,0.04043614869312221,0.053924017514040475,ALL,spatial
dist_launch_site_km,wx_sky_oktas,0.010906658532013055,0.04084586105735333,0.09020245412178726,ALL,spatial
dist_small_airport_km,wx_sky_oktas,0.010606535678576048,0.03949605203891472,0.09020245412178726,ALL,spatial
dist_large_airport_km,dist_medium_airport_km,0.010553072723275157,0.199636674150902,0.04043614869312221,ALL,spatial
dist_small_airport_km,dist_sua_moa_km,0.010450738539065687,0.03949605203891472,0.03778887043808497,ALL,spatial
dist_coast_km,lon,0.010206050923861778,0.05878062300907626,0.04752141149697299,ALL,spatial
dist_icbm_field_active_km,dist_coast_km,0.010180843789077715,0.05454894212921598,0.05878062300907626,ALL,spatial
dist_medium_airport_km,dist_coast_km,0.01011430005037707,0.04043614869312221,0.05878062300907626,ALL,spatial
dist_small_airport_km,dist_sua_restricted_km,0.010050522372083152,0.03949605203891472,0.01814093709123995,ALL,spatial
dist_medium_airport_km,dist_nuclear_any_active_km,0.00985278084023011,0.04043614869312221,0.02250299704443016,ALL,spatial
dist_launch_site_km,dist_coast_km,0.009625533841520295,0.04084586105735333,0.05878062300907626,ALL,spatial
wx_sky_oktas,wx_dewpt_spread_c,0.047370280151302374,0.14109438126795049,0.07088395633435045,HQ_UNEXPLAINED,temporal_all
wx_sky_oktas,wx_wind_ms,0.028567415794551267,0.14109438126795049,0.06657591352626703,HQ_UNEXPLAINED,temporal_all
moon_alt,shower_zhr_total,0.02730893945890013,0.05914956989143619,0.07297297242778923,HQ_UNEXPLAINED,temporal_all
moon_illum,wx_dewpt_spread_c,0.023989227190766578,0.03857753367208178,0.07088395633435045,HQ_UNEXPLAINED,temporal_all
pdyn,shower_zhr_total,0.021547310565638668,0.047093166435055754,0.07297297242778923,HQ_UNEXPLAINED,temporal_all
efield,shower_zhr_total,0.020275059676160848,0.036800145790850274,0.07297297242778923,HQ_UNEXPLAINED,temporal_all
F107,shower_zhr_total,0.020258763897391906,0.04853170227515459,0.07297297242778923,HQ_UNEXPLAINED,temporal_all
pdyn,moon_alt,0.019937723404610662,0.047093166435055754,0.05914956989143619,HQ_UNEXPLAINED,temporal_all
wx_sky_oktas,wx_slp_hpa,0.01926891921954037,0.14109438126795049,0.06539555686128275,HQ_UNEXPLAINED,temporal_all
wx_dewpt_spread_c,wx_wind_ms,0.0189107807642444,0.07088395633435045,0.06657591352626703,HQ_UNEXPLAINED,temporal_all
F107,SN,0.018237336076702273,0.04853170227515459,0.05541392440547472,HQ_UNEXPLAINED,temporal_all
shower_zhr_total,wx_sky_oktas,0.01755697019641704,0.07297297242778923,0.14109438126795049,HQ_UNEXPLAINED,temporal_all
moon_alt,venus_alt,0.017542089402214623,0.05914956989143619,0.02023196790424474,HQ_UNEXPLAINED,temporal_all
dst_min_prior24h,moon_alt,0.016978200777278338,0.03335149072260372,0.05914956989143619,HQ_UNEXPLAINED,temporal_all
venus_alt,shower_zhr_total,0.016733916795035008,0.02023196790424474,0.07297297242778923,HQ_UNEXPLAINED,temporal_all
SN,wx_sky_oktas,0.016198301908082077,0.05541392440547472,0.14109438126795049,HQ_UNEXPLAINED,temporal_all
dst_min_prior24h,shower_zhr_total,0.01614574487688552,0.03335149072260372,0.07297297242778923,HQ_UNEXPLAINED,temporal_all
wx_temp_c,wx_slp_hpa,0.015847378506499737,0.04248140317748612,0.06539555686128275,HQ_UNEXPLAINED,temporal_all
moon_illum,shower_zhr_total,0.015771443168754323,0.03857753367208178,0.07297297242778923,HQ_UNEXPLAINED,temporal_all
F107,moon_illum,0.015560792520894758,0.04853170227515459,0.03857753367208178,HQ_UNEXPLAINED,temporal_all
dst_change_prior6h,venus_alt,0.015420030579987148,0.02319371338497884,0.02023196790424474,HQ_UNEXPLAINED,temporal_all
moon_alt,wx_slp_hpa,0.015094474157841526,0.05914956989143619,0.06539555686128275,HQ_UNEXPLAINED,temporal_all
dst_change_prior6h,moon_alt,0.014770888641727974,0.02319371338497884,0.05914956989143619,HQ_UNEXPLAINED,temporal_all
SN,shower_zhr_total,0.014628053771000467,0.05541392440547472,0.07297297242778923,HQ_UNEXPLAINED,temporal_all
v,moon_alt,0.014596416215036503,0.038170399076662816,0.05914956989143619,HQ_UNEXPLAINED,temporal_all
np,wx_temp_c,0.013742745480800626,0.0319711074468304,0.04248140317748612,HQ_UNEXPLAINED,temporal_all
SN,moon_alt,0.013697761136445054,0.05541392440547472,0.05914956989143619,HQ_UNEXPLAINED,temporal_all
F107,wx_sky_oktas,0.013656039362874916,0.04853170227515459,0.14109438126795049,HQ_UNEXPLAINED,temporal_all
F107,moon_alt,0.013336579188809592,0.04853170227515459,0.05914956989143619,HQ_UNEXPLAINED,temporal_all
jupiter_alt,shower_zhr_total,0.013293236127804295,0.027505362155117372,0.07297297242778923,HQ_UNEXPLAINED,temporal_all
dst_min_prior24h,v,0.013293176942530058,0.03335149072260372,0.038170399076662816,HQ_UNEXPLAINED,temporal_all
ae_max_prior6h,pdyn,0.013206921071688586,0.03283737690590742,0.047093166435055754,HQ_UNEXPLAINED,temporal_all
venus_alt,wx_slp_hpa,0.0132037530263075,0.02023196790424474,0.06539555686128275,HQ_UNEXPLAINED,temporal_all
kp,efield,0.013096703216246905,0.02595812659457932,0.036800145790850274,HQ_UNEXPLAINED,temporal_all
wx_sky_oktas,wx_temp_c,0.013073223220728784,0.14109438126795049,0.04248140317748612,HQ_UNEXPLAINED,temporal_all
bz_min_prior3h,moon_illum,0.01306919200009696,0.0467582689005184,0.03857753367208178,HQ_UNEXPLAINED,temporal_all
moon_illum,wx_slp_hpa,0.013061977889461921,0.03857753367208178,0.06539555686128275,HQ_UNEXPLAINED,temporal_all
moon_alt,moon_illum,0.012952486167288906,0.05914956989143619,0.03857753367208178,HQ_UNEXPLAINED,temporal_all
moon_illum,wx_wind_ms,0.012844039129548172,0.03857753367208178,0.06657591352626703,HQ_UNEXPLAINED,temporal_all
kp_max_prior72h,wx_slp_hpa,0.012770919174818035,0.03125979746805207,0.06539555686128275,HQ_UNEXPLAINED,temporal_all
wx_sky_oktas,wx_dewpt_spread_c,0.04797694766210363,0.13784845660009976,0.08742493762288533,HQ_UNEXPLAINED,temporal_novel_only
wx_sky_oktas,wx_wind_ms,0.03696764602212461,0.13784845660009976,0.06314040511094803,HQ_UNEXPLAINED,temporal_novel_only
moon_illum,wx_dewpt_spread_c,0.03329847016762006,0.05109804890881272,0.08742493762288533,HQ_UNEXPLAINED,temporal_novel_only
kp_max_prior72h,F107,0.02857597652005141,0.03770672503333781,0.05404995363577125,HQ_UNEXPLAINED,temporal_novel_only
bz_min_prior3h,moon_illum,0.02625895792789065,0.05045919316956124,0.05109804890881272,HQ_UNEXPLAINED,temporal_novel_only
F107,SN,0.02566836869026197,0.05404995363577125,0.05185201940615137,HQ_UNEXPLAINED,temporal_novel_only
wx_sky_oktas,wx_slp_hpa,0.018511315784024398,0.13784845660009976,0.06589648582924217,HQ_UNEXPLAINED,temporal_novel_only
ae_max_prior6h,bz_min_prior3h,0.017482269902188242,0.043317777742879766,0.05045919316956124,HQ_UNEXPLAINED,temporal_novel_only
wx_temp_c,wx_slp_hpa,0.017464863932162667,0.04349820600656749,0.06589648582924217,HQ_UNEXPLAINED,temporal_novel_only
kp,pdyn,0.01721274644391342,0.03213424581787134,0.05907179856747678,HQ_UNEXPLAINED,temporal_novel_only
np,F107,0.017090263024271416,0.03475631795576659,0.05404995363577125,HQ_UNEXPLAINED,temporal_novel_only
ae_max_prior6h,SN,0.016711675338714607,0.043317777742879766,0.05185201940615137,HQ_UNEXPLAINED,temporal_novel_only
ae_max_prior6h,v,0.016694494878213617,0.043317777742879766,0.0553426830778806,HQ_UNEXPLAINED,temporal_novel_only
v,moon_illum,0.016483553276254153,0.0553426830778806,0.05109804890881272,HQ_UNEXPLAINED,temporal_novel_only
ae,v,0.01645060234033152,0.027862578439302694,0.0553426830778806,HQ_UNEXPLAINED,temporal_novel_only
ae_max_prior6h,pdyn,0.01641690866491773,0.043317777742879766,0.05907179856747678,HQ_UNEXPLAINED,temporal_novel_only
dst_change_prior6h,F107,0.016286823477096472,0.02613387930974553,0.05404995363577125,HQ_UNEXPLAINED,temporal_novel_only
kp,v,0.01628426611724187,0.03213424581787134,0.0553426830778806,HQ_UNEXPLAINED,temporal_novel_only
F107,moon_illum,0.01622049252055216,0.05404995363577125,0.05109804890881272,HQ_UNEXPLAINED,temporal_novel_only
bz_min_prior3h,v,0.01591089049288999,0.05045919316956124,0.0553426830778806,HQ_UNEXPLAINED,temporal_novel_only
wx_dewpt_spread_c,wx_wind_ms,0.01574295835748085,0.08742493762288533,0.06314040511094803,HQ_UNEXPLAINED,temporal_novel_only
F107,wx_slp_hpa,0.015595529123362373,0.05404995363577125,0.06589648582924217,HQ_UNEXPLAINED,temporal_novel_only
moon_illum,wx_wind_ms,0.01519566644491427,0.05109804890881272,0.06314040511094803,HQ_UNEXPLAINED,temporal_novel_only
kp_max_prior72h,dst_min_prior24h,0.01499867552681089,0.03770672503333781,0.03525343137802961,HQ_UNEXPLAINED,temporal_novel_only
F107,wx_dewpt_spread_c,0.014890961664189233,0.05404995363577125,0.08742493762288533,HQ_UNEXPLAINED,temporal_novel_only
wx_temp_c,wx_dtemp_24h,0.014781003496490624,0.04349820600656749,0.048734574063562554,HQ_UNEXPLAINED,temporal_novel_only
pdyn,wx_slp_hpa,0.014142355115764574,0.05907179856747678,0.06589648582924217,HQ_UNEXPLAINED,temporal_novel_only
ae_max_prior6h,moon_illum,0.014067298538954736,0.043317777742879766,0.05109804890881272,HQ_UNEXPLAINED,temporal_novel_only
efield,wx_temp_c,0.014033876083767004,0.049233092303045276,0.04349820600656749,HQ_UNEXPLAINED,temporal_novel_only
wx_sky_oktas,wx_dslp_24h,0.01400203861511666,0.13784845660009976,0.037642260206891744,HQ_UNEXPLAINED,temporal_novel_only
bz_gsm,efield,0.013948653659692665,0.03566794333964134,0.049233092303045276,HQ_UNEXPLAINED,temporal_novel_only
pdyn,moon_illum,0.013846807693884664,0.05907179856747678,0.05109804890881272,HQ_UNEXPLAINED,temporal_novel_only
SN,wx_sky_oktas,0.01379485041935521,0.05185201940615137,0.13784845660009976,HQ_UNEXPLAINED,temporal_novel_only
kp_max_prior72h,ae,0.013753874968899394,0.03770672503333781,0.027862578439302694,HQ_UNEXPLAINED,temporal_novel_only
np,wx_slp_hpa,0.013749517377248555,0.03475631795576659,0.06589648582924217,HQ_UNEXPLAINED,temporal_novel_only
kp,efield,0.013581442067664973,0.03213424581787134,0.049233092303045276,HQ_UNEXPLAINED,temporal_novel_only
v,wx_slp_hpa,0.013470434403766251,0.0553426830778806,0.06589648582924217,HQ_UNEXPLAINED,temporal_novel_only
F107,wx_sky_oktas,0.013442668190742234,0.05404995363577125,0.13784845660009976,HQ_UNEXPLAINED,temporal_novel_only
wx_sky_oktas,wx_dslp_3h,0.013407788721058059,0.13784845660009976,0.038020574318123224,HQ_UNEXPLAINED,temporal_novel_only
ae_max_prior6h,np,0.013336268723061553,0.043317777742879766,0.03475631795576659,HQ_UNEXPLAINED,temporal_novel_only
dist_large_airport_km,dist_dod_site_km,0.08499793816175624,0.3293021455752214,0.17047884315432366,HQ_UNEXPLAINED,spatial
dist_large_airport_km,dist_small_airport_km,0.06421732940560729,0.3293021455752214,0.12398328383704352,HQ_UNEXPLAINED,spatial
dist_large_airport_km,dist_sua_alert_km,0.04404332098355738,0.3293021455752214,0.04709378169945348,HQ_UNEXPLAINED,spatial
dist_large_airport_km,lat,0.03898568017761808,0.3293021455752214,0.0891032978259317,HQ_UNEXPLAINED,spatial
dist_large_airport_km,lon,0.03729142024878505,0.3293021455752214,0.09829690951997455,HQ_UNEXPLAINED,spatial
dist_medium_airport_km,dist_small_airport_km,0.03633556197691602,0.07187360597724746,0.12398328383704352,HQ_UNEXPLAINED,spatial
dist_large_airport_km,dist_dod_boundary_km,0.03163352707649301,0.3293021455752214,0.05555806365184296,HQ_UNEXPLAINED,spatial
dist_large_airport_km,dist_nuclear_test_site_km,0.03143079295187927,0.3293021455752214,0.05013451483268112,HQ_UNEXPLAINED,spatial
dist_large_airport_km,dist_coast_km,0.030427751676604026,0.3293021455752214,0.07444212436521196,HQ_UNEXPLAINED,spatial
dist_dod_site_km,dist_sua_alert_km,0.02936961306718532,0.17047884315432366,0.04709378169945348,HQ_UNEXPLAINED,spatial
dist_large_airport_km,dist_medium_airport_km,0.029347243917738106,0.3293021455752214,0.07187360597724746,HQ_UNEXPLAINED,spatial
dist_small_airport_km,dist_sua_restricted_km,0.029064851234157377,0.12398328383704352,0.0620286803511584,HQ_UNEXPLAINED,spatial
dist_large_airport_km,dist_nuclear_any_active_km,0.028086974655015737,0.3293021455752214,0.04535995405533283,HQ_UNEXPLAINED,spatial
dist_small_airport_km,dist_sua_alert_km,0.02802134514127385,0.12398328383704352,0.04709378169945348,HQ_UNEXPLAINED,spatial
dist_large_airport_km,dist_dod_air_naval_km,0.02726061798779245,0.3293021455752214,0.03925195300354573,HQ_UNEXPLAINED,spatial
dist_small_airport_km,dist_dod_site_km,0.025930703266100627,0.12398328383704352,0.17047884315432366,HQ_UNEXPLAINED,spatial
dist_dod_site_km,dist_nuclear_any_active_km,0.02578643368443153,0.17047884315432366,0.04535995405533283,HQ_UNEXPLAINED,spatial
dist_large_airport_km,wx_sky_oktas,0.025598790154517534,0.3293021455752214,0.09724949298945328,HQ_UNEXPLAINED,spatial
dist_large_airport_km,wx_temp_c,0.02469734094879319,0.3293021455752214,0.04426976322528249,HQ_UNEXPLAINED,spatial
dist_coast_km,lat,0.02430587955990749,0.07444212436521196,0.0891032978259317,HQ_UNEXPLAINED,spatial
dist_dod_site_km,lat,0.023733851883068296,0.17047884315432366,0.0891032978259317,HQ_UNEXPLAINED,spatial
dist_large_airport_km,dist_icbm_field_active_km,0.02341615209401474,0.3293021455752214,0.04104265671620581,HQ_UNEXPLAINED,spatial
dist_medium_airport_km,dist_nuclear_any_active_km,0.023353964856979596,0.07187360597724746,0.04535995405533283,HQ_UNEXPLAINED,spatial
dist_small_airport_km,dist_coast_km,0.022181258618651393,0.12398328383704352,0.07444212436521196,HQ_UNEXPLAINED,spatial
dist_coast_km,wx_sky_oktas,0.021405047444888657,0.07444212436521196,0.09724949298945328,HQ_UNEXPLAINED,spatial
dist_doe_weapons_active_km,dist_coast_km,0.021321054753079674,0.039353842756493555,0.07444212436521196,HQ_UNEXPLAINED,spatial
dist_small_airport_km,wx_sky_oktas,0.021235091554908738,0.12398328383704352,0.09724949298945328,HQ_UNEXPLAINED,spatial
dist_large_airport_km,wx_wind_ms,0.02123432842292843,0.3293021455752214,0.04876754150634469,HQ_UNEXPLAINED,spatial
dist_icbm_field_active_km,lon,0.02107246950357574,0.04104265671620581,0.09829690951997455,HQ_UNEXPLAINED,spatial
dist_medium_airport_km,dist_sua_moa_km,0.020487812429288783,0.07187360597724746,0.03943541495416683,HQ_UNEXPLAINED,spatial
dist_large_airport_km,dist_nuclear_operating_km,0.019901187791176222,0.3293021455752214,0.043935097656152416,HQ_UNEXPLAINED,spatial
dist_small_airport_km,wx_wind_ms,0.019817230420586637,0.12398328383704352,0.04876754150634469,HQ_UNEXPLAINED,spatial
dist_large_airport_km,dist_sua_restricted_km,0.019722965240467932,0.3293021455752214,0.0620286803511584,HQ_UNEXPLAINED,spatial
dist_small_airport_km,dist_nuclear_any_active_km,0.019620399722158923,0.12398328383704352,0.04535995405533283,HQ_UNEXPLAINED,spatial
dist_medium_airport_km,dist_launch_site_km,0.019494118114239647,0.07187360597724746,0.07150291146286085,HQ_UNEXPLAINED,spatial
dist_small_airport_km,dist_dod_boundary_km,0.01945048566037697,0.12398328383704352,0.05555806365184296,HQ_UNEXPLAINED,spatial
dist_medium_airport_km,wx_temp_c,0.019330310695872235,0.07187360597724746,0.04426976322528249,HQ_UNEXPLAINED,spatial
dist_small_airport_km,lat,0.019277981640522208,0.12398328383704352,0.0891032978259317,HQ_UNEXPLAINED,spatial
dist_dod_site_km,dist_coast_km,0.01915653945247579,0.17047884315432366,0.07444212436521196,HQ_UNEXPLAINED,spatial
dist_coast_km,wx_temp_c,0.019128754912868088,0.07444212436521196,0.04426976322528249,HQ_UNEXPLAINED,spatial
