family,phase,hypothesis,variable_a,variable_b,variable_c,window,radius_km,model,subset,split,control_strategy,notes,n_cases,n_controls,n_strata,effect_measure,effect,ci_low,ci_high,p_value,direction,exact_p,n_exposed_cases
placebo,placebo,placebo quake_pre1d_100km shifted 1456 d,quake_pre1d_100km,,,,,conditional_logit,,discovery,CS1,"model-SE p=0.574; clusters=3100 | exposed: cases 0.0220, controls 0.0215; exposed cases n=893; exact conditional p=0.0724",40532,139890,40532,OR,1.0242467024951922,0.9284455572633682,1.1299330363155438,0.6325307381146585,+,0.07238724011032523,893.0
placebo,placebo,placebo quake_pre1d_100km shifted 1456 d,quake_pre1d_100km,,,,,conditional_logit,,discovery,CS2,"model-SE p=0.701; clusters=3100 | exposed: cases 0.0220, controls 0.0217; exposed cases n=893; exact conditional p=0.701",40532,162128,40532,OR,1.015758507851595,0.9197155118584658,1.1218309716099213,0.7576742607213097,+,0.7009714176563265,893.0
placebo,placebo,placebo launch_post3h_1500km shifted 1456 d,launch_post3h_1500km,,,,,conditional_logit,,discovery,CS1,"model-SE p=0.116; clusters=3100 | exposed: cases 0.0098, controls 0.0092; exposed cases n=398; exact conditional p=0.0351",40532,139890,40532,OR,1.1000694822995645,0.9428330250788471,1.283528295782415,0.22552833349663848,+,0.03507317555406069,398.0
placebo,placebo,placebo launch_post3h_1500km shifted 1456 d,launch_post3h_1500km,,,,,conditional_logit,,discovery,CS2,"model-SE p=0.0275; clusters=3100 | exposed: cases 0.0098, controls 0.0087; exposed cases n=398; exact conditional p=0.011",40532,162128,40532,OR,1.1394474425976666,0.981676953811783,1.3225740600316604,0.08601646090531147,+,0.010979943498112512,398.0
placebo,placebo,gaussian noise exposure,noise,,,,,conditional_logit,,discovery,CS1,model-SE p=0.916; clusters=3100,40532,139890,40532,OR,0.9994067003312052,0.9890936197817416,1.0098273133005455,0.9107120219228114,-,,
placebo,placebo,gaussian noise exposure,noise,,,,,conditional_logit,,discovery,CS2,model-SE p=0.881; clusters=3100,40532,162128,40532,OR,0.9991700853692038,0.988421646435514,1.010035406546345,0.880402726348204,-,,
placebo,placebo,gaussian noise exposure,noise,,,,,conditional_logit,,discovery,CS4,model-SE p=0.77; clusters=3002,40329,161316,40329,OR,0.9983778791147592,0.9875840238285436,1.0092897064510775,0.7697364811986238,-,,
placebo,placebo,placebo quake_pre1d_100km shifted -1092 d,quake_pre1d_100km,,,,,conditional_logit,,discovery,CS1,"model-SE p=0.705; clusters=3100 | exposed: cases 0.0231, controls 0.0226; exposed cases n=936; exact conditional p=0.0149",40532,139890,40532,OR,1.0161174623603462,0.9269342114686127,1.1138813138397052,0.7329926836436038,+,0.014923991687817576,936.0
placebo,placebo,placebo quake_pre1d_100km shifted -1092 d,quake_pre1d_100km,,,,,conditional_logit,,discovery,CS2,"model-SE p=0.734; clusters=3100 | exposed: cases 0.0231, controls 0.0228; exposed cases n=936; exact conditional p=0.56",40532,162128,40532,OR,1.013791620369275,0.921759994828389,1.115011993683137,0.7778665359481072,+,0.5603552622484271,936.0
placebo,placebo,placebo launch_post3h_1500km shifted -1092 d,launch_post3h_1500km,,,,,conditional_logit,,discovery,CS1,"model-SE p=0.674; clusters=3100 | exposed: cases 0.0077, controls 0.0081; exposed cases n=311; exact conditional p=0.947",40532,139890,40532,OR,0.9721479023516847,0.8268040156387274,1.1430417924575373,0.7324383501047442,-,0.9468186853453922,311.0
placebo,placebo,placebo launch_post3h_1500km shifted -1092 d,launch_post3h_1500km,,,,,conditional_logit,,discovery,CS2,"model-SE p=0.372; clusters=3100 | exposed: cases 0.0077, controls 0.0073; exposed cases n=311; exact conditional p=0.311",40532,162128,40532,OR,1.0611656262521676,0.9040398500442474,1.2456004967967291,0.46776288406496147,+,0.31058255094529397,311.0
placebo,placebo,gaussian noise exposure,noise,,,,,conditional_logit,,discovery,CS1,model-SE p=0.414; clusters=3100,40532,139890,40532,OR,1.0046255925086724,0.9927727454723885,1.0166199522763508,0.445983684614493,+,,
placebo,placebo,gaussian noise exposure,noise,,,,,conditional_logit,,discovery,CS2,model-SE p=0.615; clusters=3100,40532,162128,40532,OR,1.0027932583182686,0.9914538635546294,1.0142623433058633,0.6306969768161212,+,,
placebo,placebo,gaussian noise exposure,noise,,,,,conditional_logit,,discovery,CS4,model-SE p=0.956; clusters=3002,40329,161316,40329,OR,0.9996928135618124,0.9884260472897621,1.011088006257445,0.9576289697823787,-,,
placebo,placebo,placebo quake_pre1d_100km shifted 2548 d,quake_pre1d_100km,,,,,conditional_logit,,discovery,CS1,"model-SE p=0.145; clusters=3100 | exposed: cases 0.0244, controls 0.0232; exposed cases n=988; exact conditional p=0.000364",40532,139890,40532,OR,1.0626923706855467,0.962969625261996,1.1727421562295006,0.22648604958702545,+,0.00036410023024584774,988.0
placebo,placebo,placebo quake_pre1d_100km shifted 2548 d,quake_pre1d_100km,,,,,conditional_logit,,discovery,CS2,"model-SE p=0.0744; clusters=3100 | exposed: cases 0.0244, controls 0.0230; exposed cases n=988; exact conditional p=0.0622",40532,162128,40532,OR,1.0732926707807364,0.9823831158979578,1.1726149793389795,0.11725832127741591,+,0.062210464935151664,988.0
placebo,placebo,placebo launch_post3h_1500km shifted 2548 d,launch_post3h_1500km,,,,,conditional_logit,,discovery,CS1,"model-SE p=0.607; clusters=3100 | exposed: cases 0.0099, controls 0.0099; exposed cases n=401; exact conditional p=0.351",40532,139890,40532,OR,1.0312187107496638,0.8922333952805068,1.191854098966869,0.6772627058227549,+,0.35091550630660234,401.0
placebo,placebo,placebo launch_post3h_1500km shifted 2548 d,launch_post3h_1500km,,,,,conditional_logit,,discovery,CS2,"model-SE p=0.565; clusters=3100 | exposed: cases 0.0099, controls 0.0096; exposed cases n=401; exact conditional p=0.445",40532,162128,40532,OR,1.0340686583229726,0.8977282551757841,1.1911154449700299,0.6423549536060771,+,0.4453143030990246,401.0
placebo,placebo,gaussian noise exposure,noise,,,,,conditional_logit,,discovery,CS1,model-SE p=0.318; clusters=3100,40532,139890,40532,OR,0.9943710783287181,0.9833153359981487,1.0055511240582127,0.32238997791161406,-,,
placebo,placebo,gaussian noise exposure,noise,,,,,conditional_logit,,discovery,CS2,model-SE p=0.466; clusters=3100,40532,162128,40532,OR,0.9959575560532833,0.9852153020413967,1.0068169377843768,0.46410582695767544,-,,
placebo,placebo,gaussian noise exposure,noise,,,,,conditional_logit,,discovery,CS4,model-SE p=0.632; clusters=3002,40329,161316,40329,OR,0.9973361270518586,0.9863404595537274,1.0084543736275875,0.6372203090261159,-,,
placebo,placebo,placebo quake_pre1d_100km shifted 2548 d,quake_pre1d_100km,,,,,conditional_logit,,discovery,CS1,"model-SE p=0.145; clusters=3100 | exposed: cases 0.0244, controls 0.0232; exposed cases n=988; exact conditional p=0.000364",40532,139890,40532,OR,1.0626923706855467,0.962969625261996,1.1727421562295006,0.22648604958702545,+,0.00036410023024584774,988.0
placebo,placebo,placebo quake_pre1d_100km shifted 2548 d,quake_pre1d_100km,,,,,conditional_logit,,discovery,CS2,"model-SE p=0.0744; clusters=3100 | exposed: cases 0.0244, controls 0.0230; exposed cases n=988; exact conditional p=0.0622",40532,162128,40532,OR,1.0732926707807364,0.9823831158979578,1.1726149793389795,0.11725832127741591,+,0.062210464935151664,988.0
placebo,placebo,placebo launch_post3h_1500km shifted 2548 d,launch_post3h_1500km,,,,,conditional_logit,,discovery,CS1,"model-SE p=0.607; clusters=3100 | exposed: cases 0.0099, controls 0.0099; exposed cases n=401; exact conditional p=0.351",40532,139890,40532,OR,1.0312187107496638,0.8922333952805068,1.191854098966869,0.6772627058227549,+,0.35091550630660234,401.0
placebo,placebo,placebo launch_post3h_1500km shifted 2548 d,launch_post3h_1500km,,,,,conditional_logit,,discovery,CS2,"model-SE p=0.565; clusters=3100 | exposed: cases 0.0099, controls 0.0096; exposed cases n=401; exact conditional p=0.445",40532,162128,40532,OR,1.0340686583229726,0.8977282551757841,1.1911154449700299,0.6423549536060771,+,0.4453143030990246,401.0
placebo,placebo,gaussian noise exposure,noise,,,,,conditional_logit,,discovery,CS1,model-SE p=0.108; clusters=3100,40532,139890,40532,OR,1.009173051477251,0.9979792752397304,1.0204923820519851,0.10859162777957941,+,,
placebo,placebo,gaussian noise exposure,noise,,,,,conditional_logit,,discovery,CS2,model-SE p=0.351; clusters=3100,40532,162128,40532,OR,1.0051820775978366,0.9944292296232247,1.0160511970336255,0.3462213738757397,+,,
placebo,placebo,gaussian noise exposure,noise,,,,,conditional_logit,,discovery,CS4,model-SE p=0.294; clusters=3002,40329,161316,40329,OR,1.0058549025730605,0.9950825532325512,1.0167438688816164,0.28793392568229936,+,,
placebo,placebo,placebo quake_pre1d_100km shifted 1820 d,quake_pre1d_100km,,,,,conditional_logit,,discovery,CS1,"model-SE p=0.758; clusters=3100 | exposed: cases 0.0217, controls 0.0219; exposed cases n=880; exact conditional p=0.625",40532,139890,40532,OR,0.9869579497058069,0.9108591160647147,1.0694145530386099,0.7484579127280161,-,0.6250038525640313,880.0
placebo,placebo,placebo quake_pre1d_100km shifted 1820 d,quake_pre1d_100km,,,,,conditional_logit,,discovery,CS2,"model-SE p=0.315; clusters=3100 | exposed: cases 0.0217, controls 0.0225; exposed cases n=880; exact conditional p=0.335",40532,162128,40532,OR,0.9598405495752911,0.8889397357941718,1.0363963309457869,0.2951460068261812,-,0.3353562694305726,880.0
placebo,placebo,placebo launch_post3h_1500km shifted 1820 d,launch_post3h_1500km,,,,,conditional_logit,,discovery,CS1,"model-SE p=0.0503; clusters=3100 | exposed: cases 0.0083, controls 0.0096; exposed cases n=338; exact conditional p=0.215",40532,139890,40532,OR,0.882236893068311,0.7521257482633307,1.0348561225141264,0.12377489754358922,-,0.2150724287736031,338.0
placebo,placebo,placebo launch_post3h_1500km shifted 1820 d,launch_post3h_1500km,,,,,conditional_logit,,discovery,CS2,"model-SE p=0.0254; clusters=3100 | exposed: cases 0.0083, controls 0.0095; exposed cases n=338; exact conditional p=0.0353",40532,162128,40532,OR,0.8695849373840453,0.7385009831190593,1.0239362988137077,0.09368867297407195,-,0.03527516786046142,338.0
placebo,placebo,gaussian noise exposure,noise,,,,,conditional_logit,,discovery,CS1,model-SE p=0.747; clusters=3100,40532,139890,40532,OR,1.001831789826182,0.9907387257973326,1.0130490602339122,0.7473369196524572,+,,
placebo,placebo,gaussian noise exposure,noise,,,,,conditional_logit,,discovery,CS2,model-SE p=0.562; clusters=3100,40532,162128,40532,OR,1.0032246875852415,0.9922344936631241,1.0143366111622107,0.5667403553394842,+,,
placebo,placebo,gaussian noise exposure,noise,,,,,conditional_logit,,discovery,CS4,model-SE p=0.72; clusters=3002,40329,161316,40329,OR,1.0019953884689012,0.9906799114707586,1.0134401100577668,0.730833680314188,+,,
placebo,placebo,placebo quake_pre1d_100km shifted 2912 d,quake_pre1d_100km,,,,,conditional_logit,,discovery,CS1,"model-SE p=0.736; clusters=3100 | exposed: cases 0.0241, controls 0.0243; exposed cases n=977; exact conditional p=0.19",40532,139890,40532,OR,0.9860373069881028,0.8996145218720933,1.0807624233866988,0.7638330374993447,-,0.18987358458796938,977.0
placebo,placebo,placebo quake_pre1d_100km shifted 2912 d,quake_pre1d_100km,,,,,conditional_logit,,discovery,CS2,"model-SE p=0.41; clusters=3100 | exposed: cases 0.0241, controls 0.0235; exposed cases n=977; exact conditional p=0.366",40532,162128,40532,OR,1.033299524816045,0.9453711790180009,1.129406027687601,0.47034263296139045,+,0.36594937901388447,977.0
placebo,placebo,placebo launch_post3h_1500km shifted 2912 d,launch_post3h_1500km,,,,,conditional_logit,,discovery,CS1,"model-SE p=0.359; clusters=3100 | exposed: cases 0.0099, controls 0.0096; exposed cases n=403; exact conditional p=0.203",40532,139890,40532,OR,1.0564314404287485,0.9153053385391343,1.219317031524823,0.4530372197348673,+,0.20322210377119154,403.0
placebo,placebo,placebo launch_post3h_1500km shifted 2912 d,launch_post3h_1500km,,,,,conditional_logit,,discovery,CS2,"model-SE p=0.364; clusters=3100 | exposed: cases 0.0099, controls 0.0104; exposed cases n=403; exact conditional p=0.514",40532,162128,40532,OR,0.9491237716259862,0.8305461054160954,1.0846308567231522,0.44315764490625764,-,0.5142035047500454,403.0
placebo,placebo,gaussian noise exposure,noise,,,,,conditional_logit,,discovery,CS1,model-SE p=0.103; clusters=3100,40532,139890,40532,OR,1.009232338769453,0.9980260175057353,1.0205644900556983,0.10671059885235333,+,,
placebo,placebo,gaussian noise exposure,noise,,,,,conditional_logit,,discovery,CS2,model-SE p=0.568; clusters=3100,40532,162128,40532,OR,1.0031783007951005,0.9920985654946703,1.014381774339489,0.5754679013559456,+,,
placebo,placebo,gaussian noise exposure,noise,,,,,conditional_logit,,discovery,CS4,model-SE p=0.507; clusters=3002,40329,161316,40329,OR,1.0037002662109846,0.9928344942007622,1.0146849553237733,0.5060043301827906,+,,
placebo,placebo,placebo quake_pre1d_100km shifted -2912 d,quake_pre1d_100km,,,,,conditional_logit,,discovery,CS1,"model-SE p=0.403; clusters=3100 | exposed: cases 0.0220, controls 0.0214; exposed cases n=892; exact conditional p=0.092",40532,139890,40532,OR,1.0360572525609844,0.9467327699746811,1.1338095232648617,0.4412730131813528,+,0.0920315920857186,892.0
placebo,placebo,placebo quake_pre1d_100km shifted -2912 d,quake_pre1d_100km,,,,,conditional_logit,,discovery,CS2,"model-SE p=0.909; clusters=3100 | exposed: cases 0.0220, controls 0.0221; exposed cases n=892; exact conditional p=0.993",40532,162128,40532,OR,0.9953519475635475,0.9159149027098923,1.0816785452309103,0.9125772113271253,-,0.993494040870415,892.0
placebo,placebo,placebo launch_post3h_1500km shifted -2912 d,launch_post3h_1500km,,,,,conditional_logit,,discovery,CS1,"model-SE p=0.0162; clusters=3100 | exposed: cases 0.0086, controls 0.0099; exposed cases n=350; exact conditional p=0.0349",40532,139890,40532,OR,0.8619550756548816,0.7067768445079553,1.0512038675580155,0.14240344603285934,-,0.03490454409497682,350.0
placebo,placebo,placebo launch_post3h_1500km shifted -2912 d,launch_post3h_1500km,,,,,conditional_logit,,discovery,CS2,"model-SE p=0.0117; clusters=3100 | exposed: cases 0.0086, controls 0.0100; exposed cases n=350; exact conditional p=0.0216",40532,162128,40532,OR,0.8578819778356639,0.7054655189997295,1.0432281494618485,0.124549580168197,-,0.021580255959894764,350.0
placebo,placebo,gaussian noise exposure,noise,,,,,conditional_logit,,discovery,CS1,model-SE p=0.666; clusters=3100,40532,139890,40532,OR,0.9975544034324155,0.9862343878798341,1.009004350321488,0.6741059562479208,-,,
placebo,placebo,gaussian noise exposure,noise,,,,,conditional_logit,,discovery,CS2,model-SE p=0.438; clusters=3100,40532,162128,40532,OR,0.9957072659411317,0.9846124403033174,1.006927110470537,0.4517528606686443,-,,
placebo,placebo,gaussian noise exposure,noise,,,,,conditional_logit,,discovery,CS4,model-SE p=0.513; clusters=3002,40329,161316,40329,OR,0.9963624548392113,0.9851245857826395,1.0077285205754265,0.528896128204076,-,,
placebo,placebo,placebo quake_pre1d_100km shifted 1092 d,quake_pre1d_100km,,,,,conditional_logit,,discovery,CS1,"model-SE p=0.812; clusters=3100 | exposed: cases 0.0209, controls 0.0206; exposed cases n=847; exact conditional p=0.143",40532,139890,40532,OR,1.0104423466859855,0.8994363311469106,1.1351484264309932,0.8611119505905422,+,0.14325826808856043,847.0
placebo,placebo,placebo quake_pre1d_100km shifted 1092 d,quake_pre1d_100km,,,,,conditional_logit,,discovery,CS2,"model-SE p=0.477; clusters=3100 | exposed: cases 0.0209, controls 0.0214; exposed cases n=847; exact conditional p=0.503",40532,162128,40532,OR,0.9709056368269386,0.8777412343458064,1.0739586095951161,0.56618720801016,-,0.5034451916479701,847.0
placebo,placebo,placebo launch_post3h_1500km shifted 1092 d,launch_post3h_1500km,,,,,conditional_logit,,discovery,CS1,"model-SE p=0.417; clusters=3100 | exposed: cases 0.0088, controls 0.0085; exposed cases n=357; exact conditional p=0.166",40532,139890,40532,OR,1.0530350749022157,0.9037528971216242,1.2269757281066678,0.5076266241235822,+,0.16590999607670204,357.0
placebo,placebo,placebo launch_post3h_1500km shifted 1092 d,launch_post3h_1500km,,,,,conditional_logit,,discovery,CS2,"model-SE p=0.68; clusters=3100 | exposed: cases 0.0088, controls 0.0086; exposed cases n=357; exact conditional p=0.435",40532,162128,40532,OR,1.0258455678211456,0.8745950609236636,1.2032529979152726,0.7538680176211267,+,0.4354270115489587,357.0
placebo,placebo,gaussian noise exposure,noise,,,,,conditional_logit,,discovery,CS1,model-SE p=0.335; clusters=3100,40532,139890,40532,OR,1.0054640237344659,0.993926814487877,1.0171351535024247,0.3547385330690064,+,,
placebo,placebo,gaussian noise exposure,noise,,,,,conditional_logit,,discovery,CS2,model-SE p=0.801; clusters=3100,40532,162128,40532,OR,1.001403091420948,0.9899114292408941,1.013028157757939,0.8118033906435271,+,,
placebo,placebo,gaussian noise exposure,noise,,,,,conditional_logit,,discovery,CS4,model-SE p=0.36; clusters=3002,40329,161316,40329,OR,1.0051339083232615,0.9941198107202937,1.016270033819346,0.3623418274432496,+,,
placebo,placebo,placebo quake_pre1d_100km shifted 1456 d,quake_pre1d_100km,,,,,conditional_logit,,discovery,CS1,"model-SE p=0.574; clusters=3100 | exposed: cases 0.0220, controls 0.0215; exposed cases n=893; exact conditional p=0.0724",40532,139890,40532,OR,1.0242467024951922,0.9284455572633682,1.1299330363155438,0.6325307381146585,+,0.07238724011032523,893.0
placebo,placebo,placebo quake_pre1d_100km shifted 1456 d,quake_pre1d_100km,,,,,conditional_logit,,discovery,CS2,"model-SE p=0.701; clusters=3100 | exposed: cases 0.0220, controls 0.0217; exposed cases n=893; exact conditional p=0.701",40532,162128,40532,OR,1.015758507851595,0.9197155118584658,1.1218309716099213,0.7576742607213097,+,0.7009714176563265,893.0
placebo,placebo,placebo launch_post3h_1500km shifted 1456 d,launch_post3h_1500km,,,,,conditional_logit,,discovery,CS1,"model-SE p=0.116; clusters=3100 | exposed: cases 0.0098, controls 0.0092; exposed cases n=398; exact conditional p=0.0351",40532,139890,40532,OR,1.1000694822995645,0.9428330250788471,1.283528295782415,0.22552833349663848,+,0.03507317555406069,398.0
placebo,placebo,placebo launch_post3h_1500km shifted 1456 d,launch_post3h_1500km,,,,,conditional_logit,,discovery,CS2,"model-SE p=0.0275; clusters=3100 | exposed: cases 0.0098, controls 0.0087; exposed cases n=398; exact conditional p=0.011",40532,162128,40532,OR,1.1394474425976666,0.981676953811783,1.3225740600316604,0.08601646090531147,+,0.010979943498112512,398.0
placebo,placebo,gaussian noise exposure,noise,,,,,conditional_logit,,discovery,CS1,model-SE p=0.192; clusters=3100,40532,139890,40532,OR,1.0074088250901494,0.9961193367472968,1.0188262625073163,0.19922148233724957,+,,
placebo,placebo,gaussian noise exposure,noise,,,,,conditional_logit,,discovery,CS2,model-SE p=0.166; clusters=3100,40532,162128,40532,OR,1.0077297035932433,0.9966406984803826,1.0189420892128207,0.17258495389326678,+,,
placebo,placebo,gaussian noise exposure,noise,,,,,conditional_logit,,discovery,CS4,model-SE p=0.442; clusters=3002,40329,161316,40329,OR,1.0042894466426606,0.9932731354064458,1.0154279388872278,0.4468949340082552,+,,
placebo,placebo,placebo quake_pre1d_100km shifted -1820 d,quake_pre1d_100km,,,,,conditional_logit,,discovery,CS1,"model-SE p=0.0442; clusters=3100 | exposed: cases 0.0213, controls 0.0227; exposed cases n=862; exact conditional p=0.499",40532,139890,40532,OR,0.9171407709646157,0.8588602896362105,0.9793760451095677,0.009819323710409118,-,0.49870830610523953,862.0
placebo,placebo,placebo quake_pre1d_100km shifted -1820 d,quake_pre1d_100km,,,,,conditional_logit,,discovery,CS2,"model-SE p=0.0485; clusters=3100 | exposed: cases 0.0213, controls 0.0228; exposed cases n=862; exact conditional p=0.0765",40532,162128,40532,OR,0.9219811674278449,0.8585605638965303,0.990086557474419,0.025483087553711262,-,0.07646887729359315,862.0
placebo,placebo,placebo launch_post3h_1500km shifted -1820 d,launch_post3h_1500km,,,,,conditional_logit,,discovery,CS1,"model-SE p=0.282; clusters=3100 | exposed: cases 0.0072, controls 0.0079; exposed cases n=292; exact conditional p=0.478",40532,139890,40532,OR,0.9286146452464856,0.792705641997652,1.0878251821106761,0.3589685013738262,-,0.4777720586013789,292.0
placebo,placebo,placebo launch_post3h_1500km shifted -1820 d,launch_post3h_1500km,,,,,conditional_logit,,discovery,CS2,"model-SE p=0.418; clusters=3100 | exposed: cases 0.0072, controls 0.0076; exposed cases n=292; exact conditional p=0.528",40532,162128,40532,OR,0.9469501843472322,0.8075644570114727,1.1103939058359495,0.5022277893720856,-,0.5284847357153044,292.0
placebo,placebo,gaussian noise exposure,noise,,,,,conditional_logit,,discovery,CS1,model-SE p=0.718; clusters=3100,40532,139890,40532,OR,1.0020529446926827,0.9913274201824821,1.012894512473428,0.708754103421935,+,,
placebo,placebo,gaussian noise exposure,noise,,,,,conditional_logit,,discovery,CS2,model-SE p=0.741; clusters=3100,40532,162128,40532,OR,0.9981660043439111,0.9874627233512084,1.008985300069423,0.738580644316273,-,,
placebo,placebo,gaussian noise exposure,noise,,,,,conditional_logit,,discovery,CS4,model-SE p=0.671; clusters=3002,40329,161316,40329,OR,1.0023697886011416,0.9918237153061379,1.013027998418218,0.6609327829002849,+,,
placebo,placebo,placebo quake_pre1d_100km shifted -2184 d,quake_pre1d_100km,,,,,conditional_logit,,discovery,CS1,"model-SE p=0.534; clusters=3100 | exposed: cases 0.0232, controls 0.0226; exposed cases n=939; exact conditional p=0.0672",40532,139890,40532,OR,1.0261075771112846,0.9383814193243543,1.1220349616079237,0.5719257136803281,+,0.06722366037670048,939.0
placebo,placebo,placebo quake_pre1d_100km shifted -2184 d,quake_pre1d_100km,,,,,conditional_logit,,discovery,CS2,"model-SE p=0.134; clusters=3100 | exposed: cases 0.0232, controls 0.0220; exposed cases n=939; exact conditional p=0.0745",40532,162128,40532,OR,1.0618578143246338,0.9847456936475316,1.145008325617383,0.11867237498794125,+,0.0745244672710476,939.0
placebo,placebo,placebo launch_post3h_1500km shifted -2184 d,launch_post3h_1500km,,,,,conditional_logit,,discovery,CS1,"model-SE p=0.0669; clusters=3100 | exposed: cases 0.0077, controls 0.0070; exposed cases n=313; exact conditional p=0.0271",40532,139890,40532,OR,1.1328020715888707,0.9579511944064651,1.3395677576153733,0.14490120606279572,+,0.027148397774776477,313.0
placebo,placebo,placebo launch_post3h_1500km shifted -2184 d,launch_post3h_1500km,,,,,conditional_logit,,discovery,CS2,"model-SE p=0.948; clusters=3100 | exposed: cases 0.0077, controls 0.0077; exposed cases n=313; exact conditional p=0.844",40532,162128,40532,OR,1.0042834737407556,0.8418126108061855,1.1981114118294078,0.9621361798004076,+,0.8444201724115306,313.0
placebo,placebo,gaussian noise exposure,noise,,,,,conditional_logit,,discovery,CS1,model-SE p=0.901; clusters=3100,40532,139890,40532,OR,0.9992938104200686,0.9881855457308297,1.0105269439104545,0.9014212507220387,-,,
placebo,placebo,gaussian noise exposure,noise,,,,,conditional_logit,,discovery,CS2,model-SE p=0.741; clusters=3100,40532,162128,40532,OR,0.9981620532176745,0.9872164107388087,1.0092290541828577,0.7436631502749095,-,,
placebo,placebo,gaussian noise exposure,noise,,,,,conditional_logit,,discovery,CS4,model-SE p=0.639; clusters=3002,40329,161316,40329,OR,0.9973908391185868,0.9864587171253054,1.0084441129545163,0.6422066017248113,-,,
placebo,placebo,placebo quake_pre1d_100km shifted 1820 d,quake_pre1d_100km,,,,,conditional_logit,,discovery,CS1,"model-SE p=0.758; clusters=3100 | exposed: cases 0.0217, controls 0.0219; exposed cases n=880; exact conditional p=0.625",40532,139890,40532,OR,0.9869579497058069,0.9108591160647147,1.0694145530386099,0.7484579127280161,-,0.6250038525640313,880.0
placebo,placebo,placebo quake_pre1d_100km shifted 1820 d,quake_pre1d_100km,,,,,conditional_logit,,discovery,CS2,"model-SE p=0.315; clusters=3100 | exposed: cases 0.0217, controls 0.0225; exposed cases n=880; exact conditional p=0.335",40532,162128,40532,OR,0.9598405495752911,0.8889397357941718,1.0363963309457869,0.2951460068261812,-,0.3353562694305726,880.0
placebo,placebo,placebo launch_post3h_1500km shifted 1820 d,launch_post3h_1500km,,,,,conditional_logit,,discovery,CS1,"model-SE p=0.0503; clusters=3100 | exposed: cases 0.0083, controls 0.0096; exposed cases n=338; exact conditional p=0.215",40532,139890,40532,OR,0.882236893068311,0.7521257482633307,1.0348561225141264,0.12377489754358922,-,0.2150724287736031,338.0
placebo,placebo,placebo launch_post3h_1500km shifted 1820 d,launch_post3h_1500km,,,,,conditional_logit,,discovery,CS2,"model-SE p=0.0254; clusters=3100 | exposed: cases 0.0083, controls 0.0095; exposed cases n=338; exact conditional p=0.0353",40532,162128,40532,OR,0.8695849373840453,0.7385009831190593,1.0239362988137077,0.09368867297407195,-,0.03527516786046142,338.0
placebo,placebo,gaussian noise exposure,noise,,,,,conditional_logit,,discovery,CS1,model-SE p=0.442; clusters=3100,40532,139890,40532,OR,1.0043600103944108,0.992891566842702,1.0159609207752185,0.45778899558868413,+,,
placebo,placebo,gaussian noise exposure,noise,,,,,conditional_logit,,discovery,CS2,model-SE p=0.62; clusters=3100,40532,162128,40532,OR,1.002756932450267,0.9915733401109849,1.0140666604292965,0.6304217525794378,+,,
placebo,placebo,gaussian noise exposure,noise,,,,,conditional_logit,,discovery,CS4,model-SE p=0.765; clusters=3002,40329,161316,40329,OR,1.0016674701871073,0.9901741427324061,1.0132942050600398,0.777206764360731,+,,
placebo,placebo,placebo quake_pre1d_100km shifted 1456 d,quake_pre1d_100km,,,,,conditional_logit,,discovery,CS1,"model-SE p=0.574; clusters=3100 | exposed: cases 0.0220, controls 0.0215; exposed cases n=893; exact conditional p=0.0724",40532,139890,40532,OR,1.0242467024951922,0.9284455572633682,1.1299330363155438,0.6325307381146585,+,0.07238724011032523,893.0
placebo,placebo,placebo quake_pre1d_100km shifted 1456 d,quake_pre1d_100km,,,,,conditional_logit,,discovery,CS2,"model-SE p=0.701; clusters=3100 | exposed: cases 0.0220, controls 0.0217; exposed cases n=893; exact conditional p=0.701",40532,162128,40532,OR,1.015758507851595,0.9197155118584658,1.1218309716099213,0.7576742607213097,+,0.7009714176563265,893.0
placebo,placebo,placebo launch_post3h_1500km shifted 1456 d,launch_post3h_1500km,,,,,conditional_logit,,discovery,CS1,"model-SE p=0.116; clusters=3100 | exposed: cases 0.0098, controls 0.0092; exposed cases n=398; exact conditional p=0.0351",40532,139890,40532,OR,1.1000694822995645,0.9428330250788471,1.283528295782415,0.22552833349663848,+,0.03507317555406069,398.0
placebo,placebo,placebo launch_post3h_1500km shifted 1456 d,launch_post3h_1500km,,,,,conditional_logit,,discovery,CS2,"model-SE p=0.0275; clusters=3100 | exposed: cases 0.0098, controls 0.0087; exposed cases n=398; exact conditional p=0.011",40532,162128,40532,OR,1.1394474425976666,0.981676953811783,1.3225740600316604,0.08601646090531147,+,0.010979943498112512,398.0
placebo,placebo,gaussian noise exposure,noise,,,,,conditional_logit,,discovery,CS1,model-SE p=0.359; clusters=3100,40532,139890,40532,OR,1.0052000317244465,0.9946879906080596,1.015823165977049,0.33355127996506595,+,,
placebo,placebo,gaussian noise exposure,noise,,,,,conditional_logit,,discovery,CS2,model-SE p=0.495; clusters=3100,40532,162128,40532,OR,1.0037912147781411,0.9929900349640446,1.0147098836719552,0.4929984812328273,+,,
placebo,placebo,gaussian noise exposure,noise,,,,,conditional_logit,,discovery,CS4,model-SE p=0.245; clusters=3002,40329,161316,40329,OR,1.0064858971429724,0.9958284882235823,1.0172573622138166,0.23391597442142964,+,,
placebo,placebo,placebo quake_pre1d_100km shifted -2548 d,quake_pre1d_100km,,,,,conditional_logit,,discovery,CS1,"model-SE p=0.633; clusters=3100 | exposed: cases 0.0219, controls 0.0221; exposed cases n=888; exact conditional p=0.32",40532,139890,40532,OR,0.9798945520469257,0.8960088731457262,1.071633732554655,0.6564562727417363,-,0.32004145531116374,888.0
placebo,placebo,placebo quake_pre1d_100km shifted -2548 d,quake_pre1d_100km,,,,,conditional_logit,,discovery,CS2,"model-SE p=0.838; clusters=3100 | exposed: cases 0.0219, controls 0.0221; exposed cases n=888; exact conditional p=1",40532,162128,40532,OR,0.9917051842598393,0.9110376921563808,1.0795153493155654,0.8474093363681525,-,1.0,888.0
placebo,placebo,placebo launch_post3h_1500km shifted -2548 d,launch_post3h_1500km,,,,,conditional_logit,,discovery,CS1,"model-SE p=0.248; clusters=3100 | exposed: cases 0.0079, controls 0.0087; exposed cases n=321; exact conditional p=0.423",40532,139890,40532,OR,0.9273135231290821,0.7824065232296606,1.0990582831907962,0.38404138225064477,-,0.4233588503216482,321.0
placebo,placebo,placebo launch_post3h_1500km shifted -2548 d,launch_post3h_1500km,,,,,conditional_logit,,discovery,CS2,"model-SE p=0.168; clusters=3100 | exposed: cases 0.0079, controls 0.0086; exposed cases n=321; exact conditional p=0.214",40532,162128,40532,OR,0.9157665840735691,0.7778063997590908,1.078196883910342,0.29085623439030805,-,0.21366610349070636,321.0
placebo,placebo,gaussian noise exposure,noise,,,,,conditional_logit,,discovery,CS1,model-SE p=0.419; clusters=3100,40532,139890,40532,OR,0.9954364809736234,0.983963856322892,1.007042871834903,0.4393061188419731,-,,
placebo,placebo,gaussian noise exposure,noise,,,,,conditional_logit,,discovery,CS2,model-SE p=0.254; clusters=3100,40532,162128,40532,OR,0.9936661901618774,0.9824153416656898,1.0050458859861915,0.2741011730644254,-,,
placebo,placebo,gaussian noise exposure,noise,,,,,conditional_logit,,discovery,CS4,model-SE p=0.18; clusters=3002,40329,161316,40329,OR,0.9925577658444374,0.9816804437134506,1.0035556120599152,0.1839502634660487,-,,
placebo,placebo,placebo quake_pre1d_100km shifted 1456 d,quake_pre1d_100km,,,,,conditional_logit,,discovery,CS1,"model-SE p=0.574; clusters=3100 | exposed: cases 0.0220, controls 0.0215; exposed cases n=893; exact conditional p=0.0724",40532,139890,40532,OR,1.0242467024951922,0.9284455572633682,1.1299330363155438,0.6325307381146585,+,0.07238724011032523,893.0
placebo,placebo,placebo quake_pre1d_100km shifted 1456 d,quake_pre1d_100km,,,,,conditional_logit,,discovery,CS2,"model-SE p=0.701; clusters=3100 | exposed: cases 0.0220, controls 0.0217; exposed cases n=893; exact conditional p=0.701",40532,162128,40532,OR,1.015758507851595,0.9197155118584658,1.1218309716099213,0.7576742607213097,+,0.7009714176563265,893.0
placebo,placebo,placebo launch_post3h_1500km shifted 1456 d,launch_post3h_1500km,,,,,conditional_logit,,discovery,CS1,"model-SE p=0.116; clusters=3100 | exposed: cases 0.0098, controls 0.0092; exposed cases n=398; exact conditional p=0.0351",40532,139890,40532,OR,1.1000694822995645,0.9428330250788471,1.283528295782415,0.22552833349663848,+,0.03507317555406069,398.0
placebo,placebo,placebo launch_post3h_1500km shifted 1456 d,launch_post3h_1500km,,,,,conditional_logit,,discovery,CS2,"model-SE p=0.0275; clusters=3100 | exposed: cases 0.0098, controls 0.0087; exposed cases n=398; exact conditional p=0.011",40532,162128,40532,OR,1.1394474425976666,0.981676953811783,1.3225740600316604,0.08601646090531147,+,0.010979943498112512,398.0
placebo,placebo,gaussian noise exposure,noise,,,,,conditional_logit,,discovery,CS1,model-SE p=0.768; clusters=3100,40532,139890,40532,OR,1.0016646349213099,0.991083338475561,1.0123589025271282,0.7588676408638174,+,,
placebo,placebo,gaussian noise exposure,noise,,,,,conditional_logit,,discovery,CS2,model-SE p=0.508; clusters=3100,40532,162128,40532,OR,1.0036816400811794,0.9929847659534327,1.0144937457009167,0.5014414712053931,+,,
placebo,placebo,gaussian noise exposure,noise,,,,,conditional_logit,,discovery,CS4,model-SE p=0.681; clusters=3002,40329,161316,40329,OR,1.0022894093903114,0.9914757403708528,1.0132210192053954,0.6794675974053772,+,,
placebo,placebo,placebo quake_pre1d_100km shifted -2184 d,quake_pre1d_100km,,,,,conditional_logit,,discovery,CS1,"model-SE p=0.534; clusters=3100 | exposed: cases 0.0232, controls 0.0226; exposed cases n=939; exact conditional p=0.0672",40532,139890,40532,OR,1.0261075771112846,0.9383814193243543,1.1220349616079237,0.5719257136803281,+,0.06722366037670048,939.0
placebo,placebo,placebo quake_pre1d_100km shifted -2184 d,quake_pre1d_100km,,,,,conditional_logit,,discovery,CS2,"model-SE p=0.134; clusters=3100 | exposed: cases 0.0232, controls 0.0220; exposed cases n=939; exact conditional p=0.0745",40532,162128,40532,OR,1.0618578143246338,0.9847456936475316,1.145008325617383,0.11867237498794125,+,0.0745244672710476,939.0
placebo,placebo,placebo launch_post3h_1500km shifted -2184 d,launch_post3h_1500km,,,,,conditional_logit,,discovery,CS1,"model-SE p=0.0669; clusters=3100 | exposed: cases 0.0077, controls 0.0070; exposed cases n=313; exact conditional p=0.0271",40532,139890,40532,OR,1.1328020715888707,0.9579511944064651,1.3395677576153733,0.14490120606279572,+,0.027148397774776477,313.0
placebo,placebo,placebo launch_post3h_1500km shifted -2184 d,launch_post3h_1500km,,,,,conditional_logit,,discovery,CS2,"model-SE p=0.948; clusters=3100 | exposed: cases 0.0077, controls 0.0077; exposed cases n=313; exact conditional p=0.844",40532,162128,40532,OR,1.0042834737407556,0.8418126108061855,1.1981114118294078,0.9621361798004076,+,0.8444201724115306,313.0
placebo,placebo,gaussian noise exposure,noise,,,,,conditional_logit,,discovery,CS1,model-SE p=0.481; clusters=3100,40532,139890,40532,OR,1.0039790463240206,0.993309623222737,1.014763072754068,0.4662986645536318,+,,
placebo,placebo,gaussian noise exposure,noise,,,,,conditional_logit,,discovery,CS2,model-SE p=0.0942; clusters=3100,40532,162128,40532,OR,1.0093444148603457,0.9986055976459176,1.0201987153000198,0.0883227163946147,+,,
placebo,placebo,gaussian noise exposure,noise,,,,,conditional_logit,,discovery,CS4,model-SE p=0.291; clusters=3002,40329,161316,40329,OR,1.0059065439730932,0.9950985187828493,1.016831957950787,0.2852915228295335,+,,
placebo,placebo,placebo quake_pre1d_100km shifted -1820 d,quake_pre1d_100km,,,,,conditional_logit,,discovery,CS1,"model-SE p=0.0442; clusters=3100 | exposed: cases 0.0213, controls 0.0227; exposed cases n=862; exact conditional p=0.499",40532,139890,40532,OR,0.9171407709646157,0.8588602896362105,0.9793760451095677,0.009819323710409118,-,0.49870830610523953,862.0
placebo,placebo,placebo quake_pre1d_100km shifted -1820 d,quake_pre1d_100km,,,,,conditional_logit,,discovery,CS2,"model-SE p=0.0485; clusters=3100 | exposed: cases 0.0213, controls 0.0228; exposed cases n=862; exact conditional p=0.0765",40532,162128,40532,OR,0.9219811674278449,0.8585605638965303,0.990086557474419,0.025483087553711262,-,0.07646887729359315,862.0
placebo,placebo,placebo launch_post3h_1500km shifted -1820 d,launch_post3h_1500km,,,,,conditional_logit,,discovery,CS1,"model-SE p=0.282; clusters=3100 | exposed: cases 0.0072, controls 0.0079; exposed cases n=292; exact conditional p=0.478",40532,139890,40532,OR,0.9286146452464856,0.792705641997652,1.0878251821106761,0.3589685013738262,-,0.4777720586013789,292.0
placebo,placebo,placebo launch_post3h_1500km shifted -1820 d,launch_post3h_1500km,,,,,conditional_logit,,discovery,CS2,"model-SE p=0.418; clusters=3100 | exposed: cases 0.0072, controls 0.0076; exposed cases n=292; exact conditional p=0.528",40532,162128,40532,OR,0.9469501843472322,0.8075644570114727,1.1103939058359495,0.5022277893720856,-,0.5284847357153044,292.0
placebo,placebo,gaussian noise exposure,noise,,,,,conditional_logit,,discovery,CS1,model-SE p=0.8; clusters=3100,40532,139890,40532,OR,0.9985656425342218,0.9873765113126792,1.0098815710373064,0.802845051076976,-,,
placebo,placebo,gaussian noise exposure,noise,,,,,conditional_logit,,discovery,CS2,model-SE p=0.481; clusters=3100,40532,162128,40532,OR,1.0039373541536998,0.9930039326328673,1.0149911575806092,0.481827222318841,+,,
placebo,placebo,gaussian noise exposure,noise,,,,,conditional_logit,,discovery,CS4,model-SE p=0.324; clusters=3002,40329,161316,40329,OR,1.0054986744791798,0.9937517282366913,1.01738447909253,0.3604029786169092,+,,
placebo,placebo,placebo quake_pre1d_100km shifted 1092 d,quake_pre1d_100km,,,,,conditional_logit,,discovery,CS1,"model-SE p=0.812; clusters=3100 | exposed: cases 0.0209, controls 0.0206; exposed cases n=847; exact conditional p=0.143",40532,139890,40532,OR,1.0104423466859855,0.8994363311469106,1.1351484264309932,0.8611119505905422,+,0.14325826808856043,847.0
placebo,placebo,placebo quake_pre1d_100km shifted 1092 d,quake_pre1d_100km,,,,,conditional_logit,,discovery,CS2,"model-SE p=0.477; clusters=3100 | exposed: cases 0.0209, controls 0.0214; exposed cases n=847; exact conditional p=0.503",40532,162128,40532,OR,0.9709056368269386,0.8777412343458064,1.0739586095951161,0.56618720801016,-,0.5034451916479701,847.0
placebo,placebo,placebo launch_post3h_1500km shifted 1092 d,launch_post3h_1500km,,,,,conditional_logit,,discovery,CS1,"model-SE p=0.417; clusters=3100 | exposed: cases 0.0088, controls 0.0085; exposed cases n=357; exact conditional p=0.166",40532,139890,40532,OR,1.0530350749022157,0.9037528971216242,1.2269757281066678,0.5076266241235822,+,0.16590999607670204,357.0
placebo,placebo,placebo launch_post3h_1500km shifted 1092 d,launch_post3h_1500km,,,,,conditional_logit,,discovery,CS2,"model-SE p=0.68; clusters=3100 | exposed: cases 0.0088, controls 0.0086; exposed cases n=357; exact conditional p=0.435",40532,162128,40532,OR,1.0258455678211456,0.8745950609236636,1.2032529979152726,0.7538680176211267,+,0.4354270115489587,357.0
placebo,placebo,gaussian noise exposure,noise,,,,,conditional_logit,,discovery,CS1,model-SE p=0.133; clusters=3100,40532,139890,40532,OR,1.0085442100534683,0.9968607095000491,1.0203646446678658,0.1523983379751094,+,,
placebo,placebo,gaussian noise exposure,noise,,,,,conditional_logit,,discovery,CS2,model-SE p=0.373; clusters=3100,40532,162128,40532,OR,1.004958195081121,0.9938098743381081,1.0162315750116089,0.3848428483068528,+,,
placebo,placebo,gaussian noise exposure,noise,,,,,conditional_logit,,discovery,CS4,model-SE p=0.00533; clusters=3002,40329,161316,40329,OR,1.0156126826431926,1.0042980374894261,1.02705480110685,0.006721663941669962,+,,
placebo,placebo,placebo quake_pre1d_100km shifted 1456 d,quake_pre1d_100km,,,,,conditional_logit,,discovery,CS1,"model-SE p=0.574; clusters=3100 | exposed: cases 0.0220, controls 0.0215; exposed cases n=893; exact conditional p=0.0724",40532,139890,40532,OR,1.0242467024951922,0.9284455572633682,1.1299330363155438,0.6325307381146585,+,0.07238724011032523,893.0
placebo,placebo,placebo quake_pre1d_100km shifted 1456 d,quake_pre1d_100km,,,,,conditional_logit,,discovery,CS2,"model-SE p=0.701; clusters=3100 | exposed: cases 0.0220, controls 0.0217; exposed cases n=893; exact conditional p=0.701",40532,162128,40532,OR,1.015758507851595,0.9197155118584658,1.1218309716099213,0.7576742607213097,+,0.7009714176563265,893.0
placebo,placebo,placebo launch_post3h_1500km shifted 1456 d,launch_post3h_1500km,,,,,conditional_logit,,discovery,CS1,"model-SE p=0.116; clusters=3100 | exposed: cases 0.0098, controls 0.0092; exposed cases n=398; exact conditional p=0.0351",40532,139890,40532,OR,1.1000694822995645,0.9428330250788471,1.283528295782415,0.22552833349663848,+,0.03507317555406069,398.0
placebo,placebo,placebo launch_post3h_1500km shifted 1456 d,launch_post3h_1500km,,,,,conditional_logit,,discovery,CS2,"model-SE p=0.0275; clusters=3100 | exposed: cases 0.0098, controls 0.0087; exposed cases n=398; exact conditional p=0.011",40532,162128,40532,OR,1.1394474425976666,0.981676953811783,1.3225740600316604,0.08601646090531147,+,0.010979943498112512,398.0
placebo,placebo,gaussian noise exposure,noise,,,,,conditional_logit,,discovery,CS1,model-SE p=0.615; clusters=3100,40532,139890,40532,OR,1.0028502089746985,0.9915648165632222,1.014264044912764,0.6220671940473739,+,,
placebo,placebo,gaussian noise exposure,noise,,,,,conditional_logit,,discovery,CS2,model-SE p=0.667; clusters=3100,40532,162128,40532,OR,1.0023986144193124,0.9915700965985097,1.0133453859052848,0.6655045778842368,+,,
placebo,placebo,gaussian noise exposure,noise,,,,,conditional_logit,,discovery,CS4,model-SE p=0.717; clusters=3002,40329,161316,40329,OR,1.0020216670264706,0.9909888070175153,1.013177357887919,0.7206940723428052,+,,
placebo,placebo,placebo quake_pre1d_100km shifted -2912 d,quake_pre1d_100km,,,,,conditional_logit,,discovery,CS1,"model-SE p=0.403; clusters=3100 | exposed: cases 0.0220, controls 0.0214; exposed cases n=892; exact conditional p=0.092",40532,139890,40532,OR,1.0360572525609844,0.9467327699746811,1.1338095232648617,0.4412730131813528,+,0.0920315920857186,892.0
placebo,placebo,placebo quake_pre1d_100km shifted -2912 d,quake_pre1d_100km,,,,,conditional_logit,,discovery,CS2,"model-SE p=0.909; clusters=3100 | exposed: cases 0.0220, controls 0.0221; exposed cases n=892; exact conditional p=0.993",40532,162128,40532,OR,0.9953519475635475,0.9159149027098923,1.0816785452309103,0.9125772113271253,-,0.993494040870415,892.0
placebo,placebo,placebo launch_post3h_1500km shifted -2912 d,launch_post3h_1500km,,,,,conditional_logit,,discovery,CS1,"model-SE p=0.0162; clusters=3100 | exposed: cases 0.0086, controls 0.0099; exposed cases n=350; exact conditional p=0.0349",40532,139890,40532,OR,0.8619550756548816,0.7067768445079553,1.0512038675580155,0.14240344603285934,-,0.03490454409497682,350.0
placebo,placebo,placebo launch_post3h_1500km shifted -2912 d,launch_post3h_1500km,,,,,conditional_logit,,discovery,CS2,"model-SE p=0.0117; clusters=3100 | exposed: cases 0.0086, controls 0.0100; exposed cases n=350; exact conditional p=0.0216",40532,162128,40532,OR,0.8578819778356639,0.7054655189997295,1.0432281494618485,0.124549580168197,-,0.021580255959894764,350.0
placebo,placebo,gaussian noise exposure,noise,,,,,conditional_logit,,discovery,CS1,model-SE p=0.156; clusters=3100,40532,139890,40532,OR,0.9920230045120325,0.9807167381534849,1.0034596160089848,0.17085566381651807,-,,
placebo,placebo,gaussian noise exposure,noise,,,,,conditional_logit,,discovery,CS2,model-SE p=0.0633; clusters=3100,40532,162128,40532,OR,0.989752421373337,0.9786829034956385,1.0009471424456626,0.07265005072173135,-,,
placebo,placebo,gaussian noise exposure,noise,,,,,conditional_logit,,discovery,CS4,model-SE p=0.42; clusters=3002,40329,161316,40329,OR,0.9955360733724073,0.9846382563463916,1.00655450567532,0.42564769162276006,-,,
placebo,placebo,placebo quake_pre1d_100km shifted 1456 d,quake_pre1d_100km,,,,,conditional_logit,,discovery,CS1,"model-SE p=0.574; clusters=3100 | exposed: cases 0.0220, controls 0.0215; exposed cases n=893; exact conditional p=0.0724",40532,139890,40532,OR,1.0242467024951922,0.9284455572633682,1.1299330363155438,0.6325307381146585,+,0.07238724011032523,893.0
placebo,placebo,placebo quake_pre1d_100km shifted 1456 d,quake_pre1d_100km,,,,,conditional_logit,,discovery,CS2,"model-SE p=0.701; clusters=3100 | exposed: cases 0.0220, controls 0.0217; exposed cases n=893; exact conditional p=0.701",40532,162128,40532,OR,1.015758507851595,0.9197155118584658,1.1218309716099213,0.7576742607213097,+,0.7009714176563265,893.0
placebo,placebo,placebo launch_post3h_1500km shifted 1456 d,launch_post3h_1500km,,,,,conditional_logit,,discovery,CS1,"model-SE p=0.116; clusters=3100 | exposed: cases 0.0098, controls 0.0092; exposed cases n=398; exact conditional p=0.0351",40532,139890,40532,OR,1.1000694822995645,0.9428330250788471,1.283528295782415,0.22552833349663848,+,0.03507317555406069,398.0
placebo,placebo,placebo launch_post3h_1500km shifted 1456 d,launch_post3h_1500km,,,,,conditional_logit,,discovery,CS2,"model-SE p=0.0275; clusters=3100 | exposed: cases 0.0098, controls 0.0087; exposed cases n=398; exact conditional p=0.011",40532,162128,40532,OR,1.1394474425976666,0.981676953811783,1.3225740600316604,0.08601646090531147,+,0.010979943498112512,398.0
placebo,placebo,gaussian noise exposure,noise,,,,,conditional_logit,,discovery,CS1,model-SE p=0.121; clusters=3100,40532,139890,40532,OR,1.0088042083037192,0.9979215378196714,1.019805557974833,0.11318985108426194,+,,
placebo,placebo,gaussian noise exposure,noise,,,,,conditional_logit,,discovery,CS2,model-SE p=0.0438; clusters=3100,40532,162128,40532,OR,1.0112682919340017,1.0006626715266906,1.0219863170381447,0.03723705986603374,+,,
placebo,placebo,gaussian noise exposure,noise,,,,,conditional_logit,,discovery,CS4,model-SE p=0.166; clusters=3002,40329,161316,40329,OR,1.0077297961574871,0.9972041720396172,1.0183665196531748,0.150612282103024,+,,
placebo,placebo,placebo quake_pre1d_100km shifted -1820 d,quake_pre1d_100km,,,,,conditional_logit,,discovery,CS1,"model-SE p=0.0442; clusters=3100 | exposed: cases 0.0213, controls 0.0227; exposed cases n=862; exact conditional p=0.499",40532,139890,40532,OR,0.9171407709646157,0.8588602896362105,0.9793760451095677,0.009819323710409118,-,0.49870830610523953,862.0
placebo,placebo,placebo quake_pre1d_100km shifted -1820 d,quake_pre1d_100km,,,,,conditional_logit,,discovery,CS2,"model-SE p=0.0485; clusters=3100 | exposed: cases 0.0213, controls 0.0228; exposed cases n=862; exact conditional p=0.0765",40532,162128,40532,OR,0.9219811674278449,0.8585605638965303,0.990086557474419,0.025483087553711262,-,0.07646887729359315,862.0
placebo,placebo,placebo launch_post3h_1500km shifted -1820 d,launch_post3h_1500km,,,,,conditional_logit,,discovery,CS1,"model-SE p=0.282; clusters=3100 | exposed: cases 0.0072, controls 0.0079; exposed cases n=292; exact conditional p=0.478",40532,139890,40532,OR,0.9286146452464856,0.792705641997652,1.0878251821106761,0.3589685013738262,-,0.4777720586013789,292.0
placebo,placebo,placebo launch_post3h_1500km shifted -1820 d,launch_post3h_1500km,,,,,conditional_logit,,discovery,CS2,"model-SE p=0.418; clusters=3100 | exposed: cases 0.0072, controls 0.0076; exposed cases n=292; exact conditional p=0.528",40532,162128,40532,OR,0.9469501843472322,0.8075644570114727,1.1103939058359495,0.5022277893720856,-,0.5284847357153044,292.0
placebo,placebo,gaussian noise exposure,noise,,,,,conditional_logit,,discovery,CS1,model-SE p=0.156; clusters=3100,40532,139890,40532,OR,0.9920255881689187,0.9813222971509769,1.002845620077134,0.1480129624969401,-,,
placebo,placebo,gaussian noise exposure,noise,,,,,conditional_logit,,discovery,CS2,model-SE p=0.207; clusters=3100,40532,162128,40532,OR,0.9930286107312006,0.9822565775674497,1.0039187766732205,0.2086947519711171,-,,
placebo,placebo,gaussian noise exposure,noise,,,,,conditional_logit,,discovery,CS4,model-SE p=0.626; clusters=3002,40329,161316,40329,OR,0.9972939322187434,0.9863964959422299,1.0083117603639316,0.6288184095211711,-,,
placebo,placebo,placebo quake_pre1d_100km shifted -1092 d,quake_pre1d_100km,,,,,conditional_logit,,discovery,CS1,"model-SE p=0.705; clusters=3100 | exposed: cases 0.0231, controls 0.0226; exposed cases n=936; exact conditional p=0.0149",40532,139890,40532,OR,1.0161174623603462,0.9269342114686127,1.1138813138397052,0.7329926836436038,+,0.014923991687817576,936.0
placebo,placebo,placebo quake_pre1d_100km shifted -1092 d,quake_pre1d_100km,,,,,conditional_logit,,discovery,CS2,"model-SE p=0.734; clusters=3100 | exposed: cases 0.0231, controls 0.0228; exposed cases n=936; exact conditional p=0.56",40532,162128,40532,OR,1.013791620369275,0.921759994828389,1.115011993683137,0.7778665359481072,+,0.5603552622484271,936.0
placebo,placebo,placebo launch_post3h_1500km shifted -1092 d,launch_post3h_1500km,,,,,conditional_logit,,discovery,CS1,"model-SE p=0.674; clusters=3100 | exposed: cases 0.0077, controls 0.0081; exposed cases n=311; exact conditional p=0.947",40532,139890,40532,OR,0.9721479023516847,0.8268040156387274,1.1430417924575373,0.7324383501047442,-,0.9468186853453922,311.0
placebo,placebo,placebo launch_post3h_1500km shifted -1092 d,launch_post3h_1500km,,,,,conditional_logit,,discovery,CS2,"model-SE p=0.372; clusters=3100 | exposed: cases 0.0077, controls 0.0073; exposed cases n=311; exact conditional p=0.311",40532,162128,40532,OR,1.0611656262521676,0.9040398500442474,1.2456004967967291,0.46776288406496147,+,0.31058255094529397,311.0
placebo,placebo,gaussian noise exposure,noise,,,,,conditional_logit,,discovery,CS1,model-SE p=0.748; clusters=3100,40532,139890,40532,OR,1.0018197033591243,0.9906772828042003,1.0130874457902816,0.7500300446216263,+,,
placebo,placebo,gaussian noise exposure,noise,,,,,conditional_logit,,discovery,CS2,model-SE p=0.152; clusters=3100,40532,162128,40532,OR,1.008003811144208,0.9968237859916329,1.0193092275285824,0.16123116225586864,+,,
placebo,placebo,gaussian noise exposure,noise,,,,,conditional_logit,,discovery,CS4,model-SE p=0.476; clusters=3002,40329,161316,40329,OR,1.0039653146196477,0.9929787566489813,1.0150734305342626,0.48085585638404016,+,,
placebo,placebo,placebo quake_pre1d_100km shifted 1456 d,quake_pre1d_100km,,,,,conditional_logit,,discovery,CS1,"model-SE p=0.574; clusters=3100 | exposed: cases 0.0220, controls 0.0215; exposed cases n=893; exact conditional p=0.0724",40532,139890,40532,OR,1.0242467024951922,0.9284455572633682,1.1299330363155438,0.6325307381146585,+,0.07238724011032523,893.0
placebo,placebo,placebo quake_pre1d_100km shifted 1456 d,quake_pre1d_100km,,,,,conditional_logit,,discovery,CS2,"model-SE p=0.701; clusters=3100 | exposed: cases 0.0220, controls 0.0217; exposed cases n=893; exact conditional p=0.701",40532,162128,40532,OR,1.015758507851595,0.9197155118584658,1.1218309716099213,0.7576742607213097,+,0.7009714176563265,893.0
placebo,placebo,placebo launch_post3h_1500km shifted 1456 d,launch_post3h_1500km,,,,,conditional_logit,,discovery,CS1,"model-SE p=0.116; clusters=3100 | exposed: cases 0.0098, controls 0.0092; exposed cases n=398; exact conditional p=0.0351",40532,139890,40532,OR,1.1000694822995645,0.9428330250788471,1.283528295782415,0.22552833349663848,+,0.03507317555406069,398.0
placebo,placebo,placebo launch_post3h_1500km shifted 1456 d,launch_post3h_1500km,,,,,conditional_logit,,discovery,CS2,"model-SE p=0.0275; clusters=3100 | exposed: cases 0.0098, controls 0.0087; exposed cases n=398; exact conditional p=0.011",40532,162128,40532,OR,1.1394474425976666,0.981676953811783,1.3225740600316604,0.08601646090531147,+,0.010979943498112512,398.0
placebo,placebo,gaussian noise exposure,noise,,,,,conditional_logit,,discovery,CS1,model-SE p=0.719; clusters=3100,40532,139890,40532,OR,0.997964743555283,0.9873927894465828,1.0086498909289847,0.707701803104592,-,,
placebo,placebo,gaussian noise exposure,noise,,,,,conditional_logit,,discovery,CS2,model-SE p=0.259; clusters=3100,40532,162128,40532,OR,0.9937404218726068,0.9830051105772007,1.0045929725469023,0.25717493115289336,-,,
placebo,placebo,gaussian noise exposure,noise,,,,,conditional_logit,,discovery,CS4,model-SE p=0.579; clusters=3002,40329,161316,40329,OR,0.9969087290177922,0.9862719140084687,1.007660260701022,0.571601627261555,-,,
placebo,placebo,placebo quake_pre1d_100km shifted 1092 d,quake_pre1d_100km,,,,,conditional_logit,,discovery,CS1,"model-SE p=0.812; clusters=3100 | exposed: cases 0.0209, controls 0.0206; exposed cases n=847; exact conditional p=0.143",40532,139890,40532,OR,1.0104423466859855,0.8994363311469106,1.1351484264309932,0.8611119505905422,+,0.14325826808856043,847.0
placebo,placebo,placebo quake_pre1d_100km shifted 1092 d,quake_pre1d_100km,,,,,conditional_logit,,discovery,CS2,"model-SE p=0.477; clusters=3100 | exposed: cases 0.0209, controls 0.0214; exposed cases n=847; exact conditional p=0.503",40532,162128,40532,OR,0.9709056368269386,0.8777412343458064,1.0739586095951161,0.56618720801016,-,0.5034451916479701,847.0
placebo,placebo,placebo launch_post3h_1500km shifted 1092 d,launch_post3h_1500km,,,,,conditional_logit,,discovery,CS1,"model-SE p=0.417; clusters=3100 | exposed: cases 0.0088, controls 0.0085; exposed cases n=357; exact conditional p=0.166",40532,139890,40532,OR,1.0530350749022157,0.9037528971216242,1.2269757281066678,0.5076266241235822,+,0.16590999607670204,357.0
placebo,placebo,placebo launch_post3h_1500km shifted 1092 d,launch_post3h_1500km,,,,,conditional_logit,,discovery,CS2,"model-SE p=0.68; clusters=3100 | exposed: cases 0.0088, controls 0.0086; exposed cases n=357; exact conditional p=0.435",40532,162128,40532,OR,1.0258455678211456,0.8745950609236636,1.2032529979152726,0.7538680176211267,+,0.4354270115489587,357.0
placebo,placebo,gaussian noise exposure,noise,,,,,conditional_logit,,discovery,CS1,model-SE p=0.296; clusters=3100,40532,139890,40532,OR,0.994122637916575,0.9831607227173086,1.0052067748259437,0.297413662065972,-,,
placebo,placebo,gaussian noise exposure,noise,,,,,conditional_logit,,discovery,CS2,model-SE p=0.375; clusters=3100,40532,162128,40532,OR,0.9950950771520846,0.9844258982684806,1.005879888282108,0.37130766458744024,-,,
placebo,placebo,gaussian noise exposure,noise,,,,,conditional_logit,,discovery,CS4,model-SE p=0.0385; clusters=3002,40329,161316,40329,OR,0.9885693809227595,0.9776417697919721,0.999619135653294,0.042644963416613994,-,,
placebo,placebo,placebo quake_pre1d_100km shifted -1820 d,quake_pre1d_100km,,,,,conditional_logit,,discovery,CS1,"model-SE p=0.0442; clusters=3100 | exposed: cases 0.0213, controls 0.0227; exposed cases n=862; exact conditional p=0.499",40532,139890,40532,OR,0.9171407709646157,0.8588602896362105,0.9793760451095677,0.009819323710409118,-,0.49870830610523953,862.0
placebo,placebo,placebo quake_pre1d_100km shifted -1820 d,quake_pre1d_100km,,,,,conditional_logit,,discovery,CS2,"model-SE p=0.0485; clusters=3100 | exposed: cases 0.0213, controls 0.0228; exposed cases n=862; exact conditional p=0.0765",40532,162128,40532,OR,0.9219811674278449,0.8585605638965303,0.990086557474419,0.025483087553711262,-,0.07646887729359315,862.0
placebo,placebo,placebo launch_post3h_1500km shifted -1820 d,launch_post3h_1500km,,,,,conditional_logit,,discovery,CS1,"model-SE p=0.282; clusters=3100 | exposed: cases 0.0072, controls 0.0079; exposed cases n=292; exact conditional p=0.478",40532,139890,40532,OR,0.9286146452464856,0.792705641997652,1.0878251821106761,0.3589685013738262,-,0.4777720586013789,292.0
placebo,placebo,placebo launch_post3h_1500km shifted -1820 d,launch_post3h_1500km,,,,,conditional_logit,,discovery,CS2,"model-SE p=0.418; clusters=3100 | exposed: cases 0.0072, controls 0.0076; exposed cases n=292; exact conditional p=0.528",40532,162128,40532,OR,0.9469501843472322,0.8075644570114727,1.1103939058359495,0.5022277893720856,-,0.5284847357153044,292.0
placebo,placebo,gaussian noise exposure,noise,,,,,conditional_logit,,discovery,CS1,model-SE p=0.715; clusters=3100,40532,139890,40532,OR,0.997933767813371,0.9868771782086798,1.0091142311648524,0.7159541649519225,-,,
placebo,placebo,gaussian noise exposure,noise,,,,,conditional_logit,,discovery,CS2,model-SE p=0.832; clusters=3100,40532,162128,40532,OR,0.998826413522996,0.9883937588689029,1.0093691865202643,0.8264931727610119,-,,
placebo,placebo,gaussian noise exposure,noise,,,,,conditional_logit,,discovery,CS4,model-SE p=0.752; clusters=3002,40329,161316,40329,OR,0.9982421434812262,0.9881698698453025,1.0084170823564904,0.7338266523643621,-,,
placebo,placebo,placebo quake_pre1d_100km shifted 2912 d,quake_pre1d_100km,,,,,conditional_logit,,discovery,CS1,"model-SE p=0.736; clusters=3100 | exposed: cases 0.0241, controls 0.0243; exposed cases n=977; exact conditional p=0.19",40532,139890,40532,OR,0.9860373069881028,0.8996145218720933,1.0807624233866988,0.7638330374993447,-,0.18987358458796938,977.0
placebo,placebo,placebo quake_pre1d_100km shifted 2912 d,quake_pre1d_100km,,,,,conditional_logit,,discovery,CS2,"model-SE p=0.41; clusters=3100 | exposed: cases 0.0241, controls 0.0235; exposed cases n=977; exact conditional p=0.366",40532,162128,40532,OR,1.033299524816045,0.9453711790180009,1.129406027687601,0.47034263296139045,+,0.36594937901388447,977.0
placebo,placebo,placebo launch_post3h_1500km shifted 2912 d,launch_post3h_1500km,,,,,conditional_logit,,discovery,CS1,"model-SE p=0.359; clusters=3100 | exposed: cases 0.0099, controls 0.0096; exposed cases n=403; exact conditional p=0.203",40532,139890,40532,OR,1.0564314404287485,0.9153053385391343,1.219317031524823,0.4530372197348673,+,0.20322210377119154,403.0
placebo,placebo,placebo launch_post3h_1500km shifted 2912 d,launch_post3h_1500km,,,,,conditional_logit,,discovery,CS2,"model-SE p=0.364; clusters=3100 | exposed: cases 0.0099, controls 0.0104; exposed cases n=403; exact conditional p=0.514",40532,162128,40532,OR,0.9491237716259862,0.8305461054160954,1.0846308567231522,0.44315764490625764,-,0.5142035047500454,403.0
placebo,placebo,gaussian noise exposure,noise,,,,,conditional_logit,,discovery,CS1,model-SE p=0.976; clusters=3100,40532,139890,40532,OR,1.000169502663944,0.9896607228074534,1.0107898707157903,0.9749103870435789,+,,
placebo,placebo,gaussian noise exposure,noise,,,,,conditional_logit,,discovery,CS2,model-SE p=0.871; clusters=3100,40532,162128,40532,OR,1.0008993450399755,0.9903129716380126,1.0115988860010992,0.8683927567106864,+,,
placebo,placebo,gaussian noise exposure,noise,,,,,conditional_logit,,discovery,CS4,model-SE p=0.894; clusters=3002,40329,161316,40329,OR,1.0007423294157125,0.9897707335931804,1.0118355452365002,0.8950375276580219,+,,
placebo,placebo,placebo quake_pre1d_100km shifted -1456 d,quake_pre1d_100km,,,,,conditional_logit,,discovery,CS1,"model-SE p=0.651; clusters=3100 | exposed: cases 0.0229, controls 0.0232; exposed cases n=929; exact conditional p=0.314",40532,139890,40532,OR,0.9812827099393227,0.8950341605052646,1.0758424642499405,0.6872834569251349,-,0.3144013707299601,929.0
placebo,placebo,placebo quake_pre1d_100km shifted -1456 d,quake_pre1d_100km,,,,,conditional_logit,,discovery,CS2,"model-SE p=0.686; clusters=3100 | exposed: cases 0.0229, controls 0.0226; exposed cases n=929; exact conditional p=0.544",40532,162128,40532,OR,1.0164502862375822,0.9224437149723217,1.1200371010424888,0.7417483057829282,+,0.5438944555553753,929.0
placebo,placebo,placebo launch_post3h_1500km shifted -1456 d,launch_post3h_1500km,,,,,conditional_logit,,discovery,CS1,"model-SE p=0.214; clusters=3100 | exposed: cases 0.0070, controls 0.0078; exposed cases n=284; exact conditional p=0.473",40532,139890,40532,OR,0.9168357277144734,0.7823553643069471,1.0744321442192273,0.283320914195646,-,0.4725093789410984,284.0
placebo,placebo,placebo launch_post3h_1500km shifted -1456 d,launch_post3h_1500km,,,,,conditional_logit,,discovery,CS2,"model-SE p=0.223; clusters=3100 | exposed: cases 0.0070, controls 0.0076; exposed cases n=284; exact conditional p=0.315",40532,162128,40532,OR,0.9198033729747338,0.7889311858767509,1.0723853487874009,0.28572811220127703,-,0.3150237277118655,284.0
placebo,placebo,gaussian noise exposure,noise,,,,,conditional_logit,,discovery,CS1,model-SE p=0.58; clusters=3100,40532,139890,40532,OR,1.0031287000421298,0.9916443770966823,1.0147460239671238,0.5949099249506411,+,,
placebo,placebo,gaussian noise exposure,noise,,,,,conditional_logit,,discovery,CS2,model-SE p=0.0959; clusters=3100,40532,162128,40532,OR,1.0092780386396571,0.9985630224417639,1.0201080316287403,0.089899321182997,+,,
placebo,placebo,gaussian noise exposure,noise,,,,,conditional_logit,,discovery,CS4,model-SE p=0.294; clusters=3002,40329,161316,40329,OR,1.0058487792918023,0.9950678953884616,1.016746466740183,0.2888238066347163,+,,
placebo,placebo,placebo quake_pre1d_100km shifted -1456 d,quake_pre1d_100km,,,,,conditional_logit,,discovery,CS1,"model-SE p=0.651; clusters=3100 | exposed: cases 0.0229, controls 0.0232; exposed cases n=929; exact conditional p=0.314",40532,139890,40532,OR,0.9812827099393227,0.8950341605052646,1.0758424642499405,0.6872834569251349,-,0.3144013707299601,929.0
placebo,placebo,placebo quake_pre1d_100km shifted -1456 d,quake_pre1d_100km,,,,,conditional_logit,,discovery,CS2,"model-SE p=0.686; clusters=3100 | exposed: cases 0.0229, controls 0.0226; exposed cases n=929; exact conditional p=0.544",40532,162128,40532,OR,1.0164502862375822,0.9224437149723217,1.1200371010424888,0.7417483057829282,+,0.5438944555553753,929.0
placebo,placebo,placebo launch_post3h_1500km shifted -1456 d,launch_post3h_1500km,,,,,conditional_logit,,discovery,CS1,"model-SE p=0.214; clusters=3100 | exposed: cases 0.0070, controls 0.0078; exposed cases n=284; exact conditional p=0.473",40532,139890,40532,OR,0.9168357277144734,0.7823553643069471,1.0744321442192273,0.283320914195646,-,0.4725093789410984,284.0
placebo,placebo,placebo launch_post3h_1500km shifted -1456 d,launch_post3h_1500km,,,,,conditional_logit,,discovery,CS2,"model-SE p=0.223; clusters=3100 | exposed: cases 0.0070, controls 0.0076; exposed cases n=284; exact conditional p=0.315",40532,162128,40532,OR,0.9198033729747338,0.7889311858767509,1.0723853487874009,0.28572811220127703,-,0.3150237277118655,284.0
placebo,placebo,gaussian noise exposure,noise,,,,,conditional_logit,,discovery,CS1,model-SE p=0.629; clusters=3100,40532,139890,40532,OR,1.0027347893783038,0.9909540701346249,1.0146555608707006,0.6505944782142395,+,,
placebo,placebo,gaussian noise exposure,noise,,,,,conditional_logit,,discovery,CS2,model-SE p=0.545; clusters=3100,40532,162128,40532,OR,0.9966465276776088,0.9851318434612594,1.0082958009375285,0.5710111415084034,-,,
placebo,placebo,gaussian noise exposure,noise,,,,,conditional_logit,,discovery,CS4,model-SE p=0.91; clusters=3002,40329,161316,40329,OR,1.0006263218531963,0.988797436026411,1.0125967154699544,0.9178068203910714,+,,
placebo,placebo,placebo quake_pre1d_100km shifted -1820 d,quake_pre1d_100km,,,,,conditional_logit,,discovery,CS1,"model-SE p=0.0442; clusters=3100 | exposed: cases 0.0213, controls 0.0227; exposed cases n=862; exact conditional p=0.499",40532,139890,40532,OR,0.9171407709646157,0.8588602896362105,0.9793760451095677,0.009819323710409118,-,0.49870830610523953,862.0
placebo,placebo,placebo quake_pre1d_100km shifted -1820 d,quake_pre1d_100km,,,,,conditional_logit,,discovery,CS2,"model-SE p=0.0485; clusters=3100 | exposed: cases 0.0213, controls 0.0228; exposed cases n=862; exact conditional p=0.0765",40532,162128,40532,OR,0.9219811674278449,0.8585605638965303,0.990086557474419,0.025483087553711262,-,0.07646887729359315,862.0
placebo,placebo,placebo launch_post3h_1500km shifted -1820 d,launch_post3h_1500km,,,,,conditional_logit,,discovery,CS1,"model-SE p=0.282; clusters=3100 | exposed: cases 0.0072, controls 0.0079; exposed cases n=292; exact conditional p=0.478",40532,139890,40532,OR,0.9286146452464856,0.792705641997652,1.0878251821106761,0.3589685013738262,-,0.4777720586013789,292.0
placebo,placebo,placebo launch_post3h_1500km shifted -1820 d,launch_post3h_1500km,,,,,conditional_logit,,discovery,CS2,"model-SE p=0.418; clusters=3100 | exposed: cases 0.0072, controls 0.0076; exposed cases n=292; exact conditional p=0.528",40532,162128,40532,OR,0.9469501843472322,0.8075644570114727,1.1103939058359495,0.5022277893720856,-,0.5284847357153044,292.0
placebo,placebo,gaussian noise exposure,noise,,,,,conditional_logit,,discovery,CS1,model-SE p=0.507; clusters=3100,40532,139890,40532,OR,1.003757052797242,0.9925495775676825,1.0150910783814233,0.5127275448031192,+,,
placebo,placebo,gaussian noise exposure,noise,,,,,conditional_logit,,discovery,CS2,model-SE p=0.298; clusters=3100,40532,162128,40532,OR,1.0057905992903413,0.9948351569016048,1.0168666865086258,0.30146312105787454,+,,
placebo,placebo,gaussian noise exposure,noise,,,,,conditional_logit,,discovery,CS4,model-SE p=0.56; clusters=3002,40329,161316,40329,OR,1.0032507319529267,0.991728541488241,1.014906790575632,0.581851746272525,+,,
placebo,placebo,placebo quake_pre1d_100km shifted 2548 d,quake_pre1d_100km,,,,,conditional_logit,,discovery,CS1,"model-SE p=0.145; clusters=3100 | exposed: cases 0.0244, controls 0.0232; exposed cases n=988; exact conditional p=0.000364",40532,139890,40532,OR,1.0626923706855467,0.962969625261996,1.1727421562295006,0.22648604958702545,+,0.00036410023024584774,988.0
placebo,placebo,placebo quake_pre1d_100km shifted 2548 d,quake_pre1d_100km,,,,,conditional_logit,,discovery,CS2,"model-SE p=0.0744; clusters=3100 | exposed: cases 0.0244, controls 0.0230; exposed cases n=988; exact conditional p=0.0622",40532,162128,40532,OR,1.0732926707807364,0.9823831158979578,1.1726149793389795,0.11725832127741591,+,0.062210464935151664,988.0
placebo,placebo,placebo launch_post3h_1500km shifted 2548 d,launch_post3h_1500km,,,,,conditional_logit,,discovery,CS1,"model-SE p=0.607; clusters=3100 | exposed: cases 0.0099, controls 0.0099; exposed cases n=401; exact conditional p=0.351",40532,139890,40532,OR,1.0312187107496638,0.8922333952805068,1.191854098966869,0.6772627058227549,+,0.35091550630660234,401.0
placebo,placebo,placebo launch_post3h_1500km shifted 2548 d,launch_post3h_1500km,,,,,conditional_logit,,discovery,CS2,"model-SE p=0.565; clusters=3100 | exposed: cases 0.0099, controls 0.0096; exposed cases n=401; exact conditional p=0.445",40532,162128,40532,OR,1.0340686583229726,0.8977282551757841,1.1911154449700299,0.6423549536060771,+,0.4453143030990246,401.0
placebo,placebo,gaussian noise exposure,noise,,,,,conditional_logit,,discovery,CS1,model-SE p=0.652; clusters=3100,40532,139890,40532,OR,0.9974520383344809,0.9869562416258005,1.0080594527055295,0.636428155061781,-,,
placebo,placebo,gaussian noise exposure,noise,,,,,conditional_logit,,discovery,CS2,model-SE p=0.518; clusters=3100,40532,162128,40532,OR,0.9964196222795899,0.9860323232918384,1.0069163456520318,0.5023119668212519,-,,
placebo,placebo,gaussian noise exposure,noise,,,,,conditional_logit,,discovery,CS4,model-SE p=0.679; clusters=3002,40329,161316,40329,OR,0.9976936464210174,0.986895070689506,1.00861037983848,0.6775083386893809,-,,
placebo,placebo,placebo quake_pre1d_100km shifted 1092 d,quake_pre1d_100km,,,,,conditional_logit,,discovery,CS1,"model-SE p=0.812; clusters=3100 | exposed: cases 0.0209, controls 0.0206; exposed cases n=847; exact conditional p=0.143",40532,139890,40532,OR,1.0104423466859855,0.8994363311469106,1.1351484264309932,0.8611119505905422,+,0.14325826808856043,847.0
placebo,placebo,placebo quake_pre1d_100km shifted 1092 d,quake_pre1d_100km,,,,,conditional_logit,,discovery,CS2,"model-SE p=0.477; clusters=3100 | exposed: cases 0.0209, controls 0.0214; exposed cases n=847; exact conditional p=0.503",40532,162128,40532,OR,0.9709056368269386,0.8777412343458064,1.0739586095951161,0.56618720801016,-,0.5034451916479701,847.0
placebo,placebo,placebo launch_post3h_1500km shifted 1092 d,launch_post3h_1500km,,,,,conditional_logit,,discovery,CS1,"model-SE p=0.417; clusters=3100 | exposed: cases 0.0088, controls 0.0085; exposed cases n=357; exact conditional p=0.166",40532,139890,40532,OR,1.0530350749022157,0.9037528971216242,1.2269757281066678,0.5076266241235822,+,0.16590999607670204,357.0
placebo,placebo,placebo launch_post3h_1500km shifted 1092 d,launch_post3h_1500km,,,,,conditional_logit,,discovery,CS2,"model-SE p=0.68; clusters=3100 | exposed: cases 0.0088, controls 0.0086; exposed cases n=357; exact conditional p=0.435",40532,162128,40532,OR,1.0258455678211456,0.8745950609236636,1.2032529979152726,0.7538680176211267,+,0.4354270115489587,357.0
placebo,placebo,gaussian noise exposure,noise,,,,,conditional_logit,,discovery,CS1,model-SE p=0.19; clusters=3100,40532,139890,40532,OR,0.9926338814024595,0.9817598592130455,1.0036283448153214,0.18832406023466863,-,,
placebo,placebo,gaussian noise exposure,noise,,,,,conditional_logit,,discovery,CS2,model-SE p=0.526; clusters=3100,40532,162128,40532,OR,0.9964806774995889,0.9857931380266876,1.0072840866165147,0.5216433546712025,-,,
placebo,placebo,gaussian noise exposure,noise,,,,,conditional_logit,,discovery,CS4,model-SE p=0.468; clusters=3002,40329,161316,40329,OR,0.9959546099134449,0.985562023434076,1.0064567844767325,0.4487985539946029,-,,
placebo,placebo,placebo quake_pre1d_100km shifted 2912 d,quake_pre1d_100km,,,,,conditional_logit,,discovery,CS1,"model-SE p=0.736; clusters=3100 | exposed: cases 0.0241, controls 0.0243; exposed cases n=977; exact conditional p=0.19",40532,139890,40532,OR,0.9860373069881028,0.8996145218720933,1.0807624233866988,0.7638330374993447,-,0.18987358458796938,977.0
placebo,placebo,placebo quake_pre1d_100km shifted 2912 d,quake_pre1d_100km,,,,,conditional_logit,,discovery,CS2,"model-SE p=0.41; clusters=3100 | exposed: cases 0.0241, controls 0.0235; exposed cases n=977; exact conditional p=0.366",40532,162128,40532,OR,1.033299524816045,0.9453711790180009,1.129406027687601,0.47034263296139045,+,0.36594937901388447,977.0
placebo,placebo,placebo launch_post3h_1500km shifted 2912 d,launch_post3h_1500km,,,,,conditional_logit,,discovery,CS1,"model-SE p=0.359; clusters=3100 | exposed: cases 0.0099, controls 0.0096; exposed cases n=403; exact conditional p=0.203",40532,139890,40532,OR,1.0564314404287485,0.9153053385391343,1.219317031524823,0.4530372197348673,+,0.20322210377119154,403.0
placebo,placebo,placebo launch_post3h_1500km shifted 2912 d,launch_post3h_1500km,,,,,conditional_logit,,discovery,CS2,"model-SE p=0.364; clusters=3100 | exposed: cases 0.0099, controls 0.0104; exposed cases n=403; exact conditional p=0.514",40532,162128,40532,OR,0.9491237716259862,0.8305461054160954,1.0846308567231522,0.44315764490625764,-,0.5142035047500454,403.0
placebo,placebo,gaussian noise exposure,noise,,,,,conditional_logit,,discovery,CS1,model-SE p=0.546; clusters=3100,40532,139890,40532,OR,0.996580048141236,0.9853239853712166,1.0079646969915332,0.5544349552865293,-,,
placebo,placebo,gaussian noise exposure,noise,,,,,conditional_logit,,discovery,CS2,model-SE p=0.201; clusters=3100,40532,162128,40532,OR,0.9928955776233384,0.9821283077580266,1.0037808912304267,0.19997047439093663,-,,
placebo,placebo,gaussian noise exposure,noise,,,,,conditional_logit,,discovery,CS4,model-SE p=0.285; clusters=3002,40329,161316,40329,OR,0.9940657608064596,0.9831152673908131,1.0051382270059936,0.2922711410171521,-,,
placebo,placebo,placebo quake_pre1d_100km shifted -1456 d,quake_pre1d_100km,,,,,conditional_logit,,discovery,CS1,"model-SE p=0.651; clusters=3100 | exposed: cases 0.0229, controls 0.0232; exposed cases n=929; exact conditional p=0.314",40532,139890,40532,OR,0.9812827099393227,0.8950341605052646,1.0758424642499405,0.6872834569251349,-,0.3144013707299601,929.0
placebo,placebo,placebo quake_pre1d_100km shifted -1456 d,quake_pre1d_100km,,,,,conditional_logit,,discovery,CS2,"model-SE p=0.686; clusters=3100 | exposed: cases 0.0229, controls 0.0226; exposed cases n=929; exact conditional p=0.544",40532,162128,40532,OR,1.0164502862375822,0.9224437149723217,1.1200371010424888,0.7417483057829282,+,0.5438944555553753,929.0
placebo,placebo,placebo launch_post3h_1500km shifted -1456 d,launch_post3h_1500km,,,,,conditional_logit,,discovery,CS1,"model-SE p=0.214; clusters=3100 | exposed: cases 0.0070, controls 0.0078; exposed cases n=284; exact conditional p=0.473",40532,139890,40532,OR,0.9168357277144734,0.7823553643069471,1.0744321442192273,0.283320914195646,-,0.4725093789410984,284.0
placebo,placebo,placebo launch_post3h_1500km shifted -1456 d,launch_post3h_1500km,,,,,conditional_logit,,discovery,CS2,"model-SE p=0.223; clusters=3100 | exposed: cases 0.0070, controls 0.0076; exposed cases n=284; exact conditional p=0.315",40532,162128,40532,OR,0.9198033729747338,0.7889311858767509,1.0723853487874009,0.28572811220127703,-,0.3150237277118655,284.0
placebo,placebo,gaussian noise exposure,noise,,,,,conditional_logit,,discovery,CS1,model-SE p=0.298; clusters=3100,40532,139890,40532,OR,1.005899137278702,0.9940583420180561,1.0178809749978015,0.3302652243749723,+,,
placebo,placebo,gaussian noise exposure,noise,,,,,conditional_logit,,discovery,CS2,model-SE p=0.628; clusters=3100,40532,162128,40532,OR,1.0026944624218155,0.9910555636715686,1.0144700477203084,0.6514719593804915,+,,
placebo,placebo,gaussian noise exposure,noise,,,,,conditional_logit,,discovery,CS4,model-SE p=0.251; clusters=3002,40329,161316,40329,OR,1.0064094722655934,0.9953308631802034,1.017611392687753,0.2579282607389146,+,,
placebo,placebo,placebo quake_pre1d_100km shifted 2548 d,quake_pre1d_100km,,,,,conditional_logit,,discovery,CS1,"model-SE p=0.145; clusters=3100 | exposed: cases 0.0244, controls 0.0232; exposed cases n=988; exact conditional p=0.000364",40532,139890,40532,OR,1.0626923706855467,0.962969625261996,1.1727421562295006,0.22648604958702545,+,0.00036410023024584774,988.0
placebo,placebo,placebo quake_pre1d_100km shifted 2548 d,quake_pre1d_100km,,,,,conditional_logit,,discovery,CS2,"model-SE p=0.0744; clusters=3100 | exposed: cases 0.0244, controls 0.0230; exposed cases n=988; exact conditional p=0.0622",40532,162128,40532,OR,1.0732926707807364,0.9823831158979578,1.1726149793389795,0.11725832127741591,+,0.062210464935151664,988.0
placebo,placebo,placebo launch_post3h_1500km shifted 2548 d,launch_post3h_1500km,,,,,conditional_logit,,discovery,CS1,"model-SE p=0.607; clusters=3100 | exposed: cases 0.0099, controls 0.0099; exposed cases n=401; exact conditional p=0.351",40532,139890,40532,OR,1.0312187107496638,0.8922333952805068,1.191854098966869,0.6772627058227549,+,0.35091550630660234,401.0
placebo,placebo,placebo launch_post3h_1500km shifted 2548 d,launch_post3h_1500km,,,,,conditional_logit,,discovery,CS2,"model-SE p=0.565; clusters=3100 | exposed: cases 0.0099, controls 0.0096; exposed cases n=401; exact conditional p=0.445",40532,162128,40532,OR,1.0340686583229726,0.8977282551757841,1.1911154449700299,0.6423549536060771,+,0.4453143030990246,401.0
placebo,placebo,gaussian noise exposure,noise,,,,,conditional_logit,,discovery,CS1,model-SE p=0.434; clusters=3100,40532,139890,40532,OR,1.004442838771528,0.9932754794111668,1.0157357523388222,0.4370723413693254,+,,
placebo,placebo,gaussian noise exposure,noise,,,,,conditional_logit,,discovery,CS2,model-SE p=0.535; clusters=3100,40532,162128,40532,OR,1.0034550477516302,0.9919664024358961,1.0150767509722154,0.5571548054491937,+,,
placebo,placebo,gaussian noise exposure,noise,,,,,conditional_logit,,discovery,CS4,model-SE p=0.833; clusters=3002,40329,161316,40329,OR,0.9988256941550356,0.9875775319394445,1.0102019689988877,0.8388616814227825,-,,
placebo,placebo,placebo quake_pre1d_100km shifted 2184 d,quake_pre1d_100km,,,,,conditional_logit,,discovery,CS1,"model-SE p=0.844; clusters=3100 | exposed: cases 0.0226, controls 0.0224; exposed cases n=916; exact conditional p=0.182",40532,139890,40532,OR,1.008355152006181,0.9286261707903537,1.0949294178431639,0.8430554094542111,+,0.18238109730100674,916.0
placebo,placebo,placebo quake_pre1d_100km shifted 2184 d,quake_pre1d_100km,,,,,conditional_logit,,discovery,CS2,"model-SE p=0.552; clusters=3100 | exposed: cases 0.0226, controls 0.0231; exposed cases n=916; exact conditional p=0.552",40532,162128,40532,OR,0.9762966250682902,0.8867688575619127,1.0748630739473009,0.6249518210503913,-,0.5522564419431855,916.0
placebo,placebo,placebo launch_post3h_1500km shifted 2184 d,launch_post3h_1500km,,,,,conditional_logit,,discovery,CS1,"model-SE p=0.978; clusters=3100 | exposed: cases 0.0094, controls 0.0098; exposed cases n=382; exact conditional p=0.604",40532,139890,40532,OR,0.9983265574172051,0.8602982819385309,1.1585004133667445,0.9823993489293894,-,0.6041540730104282,382.0
placebo,placebo,placebo launch_post3h_1500km shifted 2184 d,launch_post3h_1500km,,,,,conditional_logit,,discovery,CS2,"model-SE p=0.887; clusters=3100 | exposed: cases 0.0094, controls 0.0095; exposed cases n=382; exact conditional p=0.976",40532,162128,40532,OR,0.9915540118701952,0.8566948256518867,1.1476424614888345,0.9094623330931333,-,0.9763133466886816,382.0
placebo,placebo,gaussian noise exposure,noise,,,,,conditional_logit,,discovery,CS1,model-SE p=0.0166; clusters=3100,40532,139890,40532,OR,1.0136291174855112,1.0017480147044893,1.0256511345495876,0.024428238769177334,+,,
placebo,placebo,gaussian noise exposure,noise,,,,,conditional_logit,,discovery,CS2,model-SE p=0.00462; clusters=3100,40532,162128,40532,OR,1.0158731143757889,1.0041205292182644,1.0277632559858165,0.00798687839779223,+,,
placebo,placebo,gaussian noise exposure,noise,,,,,conditional_logit,,discovery,CS4,model-SE p=0.00298; clusters=3002,40329,161316,40329,OR,1.0166605638556783,1.004821573930464,1.0286390429062118,0.005694724400136791,+,,
placebo,placebo,placebo quake_pre1d_100km shifted -1820 d,quake_pre1d_100km,,,,,conditional_logit,,discovery,CS1,"model-SE p=0.0442; clusters=3100 | exposed: cases 0.0213, controls 0.0227; exposed cases n=862; exact conditional p=0.499",40532,139890,40532,OR,0.9171407709646157,0.8588602896362105,0.9793760451095677,0.009819323710409118,-,0.49870830610523953,862.0
placebo,placebo,placebo quake_pre1d_100km shifted -1820 d,quake_pre1d_100km,,,,,conditional_logit,,discovery,CS2,"model-SE p=0.0485; clusters=3100 | exposed: cases 0.0213, controls 0.0228; exposed cases n=862; exact conditional p=0.0765",40532,162128,40532,OR,0.9219811674278449,0.8585605638965303,0.990086557474419,0.025483087553711262,-,0.07646887729359315,862.0
placebo,placebo,placebo launch_post3h_1500km shifted -1820 d,launch_post3h_1500km,,,,,conditional_logit,,discovery,CS1,"model-SE p=0.282; clusters=3100 | exposed: cases 0.0072, controls 0.0079; exposed cases n=292; exact conditional p=0.478",40532,139890,40532,OR,0.9286146452464856,0.792705641997652,1.0878251821106761,0.3589685013738262,-,0.4777720586013789,292.0
placebo,placebo,placebo launch_post3h_1500km shifted -1820 d,launch_post3h_1500km,,,,,conditional_logit,,discovery,CS2,"model-SE p=0.418; clusters=3100 | exposed: cases 0.0072, controls 0.0076; exposed cases n=292; exact conditional p=0.528",40532,162128,40532,OR,0.9469501843472322,0.8075644570114727,1.1103939058359495,0.5022277893720856,-,0.5284847357153044,292.0
placebo,placebo,gaussian noise exposure,noise,,,,,conditional_logit,,discovery,CS1,model-SE p=0.476; clusters=3100,40532,139890,40532,OR,0.995967801809662,0.985210102117759,1.006842966905556,0.46588124930239494,-,,
placebo,placebo,gaussian noise exposure,noise,,,,,conditional_logit,,discovery,CS2,model-SE p=0.881; clusters=3100,40532,162128,40532,OR,0.9991667565872133,0.9887677135445216,1.0096751681850493,0.8759029682385198,-,,
placebo,placebo,gaussian noise exposure,noise,,,,,conditional_logit,,discovery,CS4,model-SE p=0.661; clusters=3002,40329,161316,40329,OR,1.0024437513378668,0.9920178221100653,1.0129792552102364,0.6472596019580855,+,,
placebo,placebo,placebo quake_pre1d_100km shifted 1092 d,quake_pre1d_100km,,,,,conditional_logit,,discovery,CS1,"model-SE p=0.812; clusters=3100 | exposed: cases 0.0209, controls 0.0206; exposed cases n=847; exact conditional p=0.143",40532,139890,40532,OR,1.0104423466859855,0.8994363311469106,1.1351484264309932,0.8611119505905422,+,0.14325826808856043,847.0
placebo,placebo,placebo quake_pre1d_100km shifted 1092 d,quake_pre1d_100km,,,,,conditional_logit,,discovery,CS2,"model-SE p=0.477; clusters=3100 | exposed: cases 0.0209, controls 0.0214; exposed cases n=847; exact conditional p=0.503",40532,162128,40532,OR,0.9709056368269386,0.8777412343458064,1.0739586095951161,0.56618720801016,-,0.5034451916479701,847.0
placebo,placebo,placebo launch_post3h_1500km shifted 1092 d,launch_post3h_1500km,,,,,conditional_logit,,discovery,CS1,"model-SE p=0.417; clusters=3100 | exposed: cases 0.0088, controls 0.0085; exposed cases n=357; exact conditional p=0.166",40532,139890,40532,OR,1.0530350749022157,0.9037528971216242,1.2269757281066678,0.5076266241235822,+,0.16590999607670204,357.0
placebo,placebo,placebo launch_post3h_1500km shifted 1092 d,launch_post3h_1500km,,,,,conditional_logit,,discovery,CS2,"model-SE p=0.68; clusters=3100 | exposed: cases 0.0088, controls 0.0086; exposed cases n=357; exact conditional p=0.435",40532,162128,40532,OR,1.0258455678211456,0.8745950609236636,1.2032529979152726,0.7538680176211267,+,0.4354270115489587,357.0
placebo,placebo,gaussian noise exposure,noise,,,,,conditional_logit,,discovery,CS1,model-SE p=0.189; clusters=3100,40532,139890,40532,OR,1.0074561102380706,0.9961662287305457,1.0188739437086092,0.19637393663047698,+,,
placebo,placebo,gaussian noise exposure,noise,,,,,conditional_logit,,discovery,CS2,model-SE p=0.116; clusters=3100,40532,162128,40532,OR,1.00880810014241,0.9980467272790673,1.0196855067972963,0.10900536567484359,+,,
placebo,placebo,gaussian noise exposure,noise,,,,,conditional_logit,,discovery,CS4,model-SE p=0.484; clusters=3002,40329,161316,40329,OR,1.0038990086716477,0.9931618826794479,1.0147522143046221,0.4781341706542189,+,,
placebo,placebo,placebo quake_pre1d_100km shifted -2548 d,quake_pre1d_100km,,,,,conditional_logit,,discovery,CS1,"model-SE p=0.633; clusters=3100 | exposed: cases 0.0219, controls 0.0221; exposed cases n=888; exact conditional p=0.32",40532,139890,40532,OR,0.9798945520469257,0.8960088731457262,1.071633732554655,0.6564562727417363,-,0.32004145531116374,888.0
placebo,placebo,placebo quake_pre1d_100km shifted -2548 d,quake_pre1d_100km,,,,,conditional_logit,,discovery,CS2,"model-SE p=0.838; clusters=3100 | exposed: cases 0.0219, controls 0.0221; exposed cases n=888; exact conditional p=1",40532,162128,40532,OR,0.9917051842598393,0.9110376921563808,1.0795153493155654,0.8474093363681525,-,1.0,888.0
placebo,placebo,placebo launch_post3h_1500km shifted -2548 d,launch_post3h_1500km,,,,,conditional_logit,,discovery,CS1,"model-SE p=0.248; clusters=3100 | exposed: cases 0.0079, controls 0.0087; exposed cases n=321; exact conditional p=0.423",40532,139890,40532,OR,0.9273135231290821,0.7824065232296606,1.0990582831907962,0.38404138225064477,-,0.4233588503216482,321.0
placebo,placebo,placebo launch_post3h_1500km shifted -2548 d,launch_post3h_1500km,,,,,conditional_logit,,discovery,CS2,"model-SE p=0.168; clusters=3100 | exposed: cases 0.0079, controls 0.0086; exposed cases n=321; exact conditional p=0.214",40532,162128,40532,OR,0.9157665840735691,0.7778063997590908,1.078196883910342,0.29085623439030805,-,0.21366610349070636,321.0
placebo,placebo,gaussian noise exposure,noise,,,,,conditional_logit,,discovery,CS1,model-SE p=0.135; clusters=3100,40532,139890,40532,OR,0.9915921236221781,0.9813053426931437,1.001986738328609,0.11252197162282536,-,,
placebo,placebo,gaussian noise exposure,noise,,,,,conditional_logit,,discovery,CS2,model-SE p=0.26; clusters=3100,40532,162128,40532,OR,0.9937474853622819,0.9832830625814727,1.004323273983003,0.24552896380167777,-,,
placebo,placebo,gaussian noise exposure,noise,,,,,conditional_logit,,discovery,CS4,model-SE p=0.546; clusters=3002,40329,161316,40329,OR,0.9966425968171229,0.9868725414797108,1.0065093758724255,0.5034281522311095,-,,
placebo,placebo,placebo quake_pre1d_100km shifted 1092 d,quake_pre1d_100km,,,,,conditional_logit,,discovery,CS1,"model-SE p=0.812; clusters=3100 | exposed: cases 0.0209, controls 0.0206; exposed cases n=847; exact conditional p=0.143",40532,139890,40532,OR,1.0104423466859855,0.8994363311469106,1.1351484264309932,0.8611119505905422,+,0.14325826808856043,847.0
placebo,placebo,placebo quake_pre1d_100km shifted 1092 d,quake_pre1d_100km,,,,,conditional_logit,,discovery,CS2,"model-SE p=0.477; clusters=3100 | exposed: cases 0.0209, controls 0.0214; exposed cases n=847; exact conditional p=0.503",40532,162128,40532,OR,0.9709056368269386,0.8777412343458064,1.0739586095951161,0.56618720801016,-,0.5034451916479701,847.0
placebo,placebo,placebo launch_post3h_1500km shifted 1092 d,launch_post3h_1500km,,,,,conditional_logit,,discovery,CS1,"model-SE p=0.417; clusters=3100 | exposed: cases 0.0088, controls 0.0085; exposed cases n=357; exact conditional p=0.166",40532,139890,40532,OR,1.0530350749022157,0.9037528971216242,1.2269757281066678,0.5076266241235822,+,0.16590999607670204,357.0
placebo,placebo,placebo launch_post3h_1500km shifted 1092 d,launch_post3h_1500km,,,,,conditional_logit,,discovery,CS2,"model-SE p=0.68; clusters=3100 | exposed: cases 0.0088, controls 0.0086; exposed cases n=357; exact conditional p=0.435",40532,162128,40532,OR,1.0258455678211456,0.8745950609236636,1.2032529979152726,0.7538680176211267,+,0.4354270115489587,357.0
placebo,placebo,gaussian noise exposure,noise,,,,,conditional_logit,,discovery,CS1,model-SE p=0.89; clusters=3100,40532,139890,40532,OR,1.0007824600798372,0.989332873556511,1.0123645530982563,0.8940114773827518,+,,
placebo,placebo,gaussian noise exposure,noise,,,,,conditional_logit,,discovery,CS2,model-SE p=0.979; clusters=3100,40532,162128,40532,OR,1.0001481674526893,0.988886117130066,1.0115384770109033,0.9795421801290368,+,,
placebo,placebo,gaussian noise exposure,noise,,,,,conditional_logit,,discovery,CS4,model-SE p=0.998; clusters=3002,40329,161316,40329,OR,1.000011366098991,0.988933256166821,1.011213573910269,0.998404387817631,+,,
