family,phase,hypothesis,variable_a,variable_b,variable_c,window,radius_km,model,subset,split,control_strategy,notes,n_cases,n_controls,n_strata,n_exposed_cases,n_exposed_controls,status,effect_measure,effect,ci_low,ci_high,p_value,inference_method,direction,expected,pc_status
positive_control,positive_control,meteor shower ZHR>=50 & sun < -12 deg,x_shower50,,,,,conditional_logit,meteor_like,discovery,CS1,model-SE p=4.7e-07; clusters=1850 | exact conditional OR=1.59 p=1.21e-06,9688.0,33293.0,9688.0,178.0,358.0,OK,OR,1.5884848719053586,1.1974127375131345,2.107280229465995,0.0013298356991157622,wald_twoway_cluster_robust,+,+,PASSED
positive_control,positive_control,meteor shower ZHR>=50 & sun < -12 deg,x_shower50,,,,,conditional_logit,meteor_like,discovery,CS2,model-SE p=0.668; clusters=1850 | exact conditional OR=1.04 p=0.701,9688.0,38751.0,9688.0,178.0,690.0,OK,OR,1.042560824117787,0.8054200730221213,1.3495231971395207,0.7515840326845362,wald_twoway_cluster_robust,+,+,INCONCLUSIVE
positive_control,positive_control,meteor shower ZHR>=50 & sun < -12 deg (specificity: non-meteor reports),x_shower50,,,,,conditional_logit,non_meteor_like,discovery,CS1,model-SE p=0.000171; clusters=2848 | exact conditional OR=1.25 p=0.000242,30844.0,106578.0,30844.0,400.0,1028.0,OK,OR,1.2482944289899258,0.9755767960685281,1.5972489174884275,0.0778336938826855,wald_twoway_cluster_robust,+,0,INCONCLUSIVE
positive_control,positive_control,meteor shower ZHR>=50 & sun < -12 deg (specificity: non-meteor reports),x_shower50,,,,,conditional_logit,non_meteor_like,discovery,CS2,model-SE p=0.00173; clusters=2848 | exact conditional OR=0.824 p=0.00172,30844.0,123376.0,30844.0,400.0,1862.0,OK,OR,0.8238445513151016,0.6537174442522794,1.0382464942600689,0.10059861600462636,wald_twoway_cluster_robust,-,0,INCONCLUSIVE
positive_control,positive_control,meteor outburst/storm +-1 d & sun < -12 deg,x_outburst,,,,,conditional_logit,meteor_like,discovery,CS1,model-SE p=5.33e-19; clusters=1850 | exact conditional OR=3.84 p=4.38e-18,9688.0,33293.0,9688.0,95.0,82.0,OK,OR,3.839968615011162,2.047775615566596,7.200671231838489,2.7350198831662273e-05,wald_twoway_cluster_robust,+,+,PASSED
positive_control,positive_control,meteor outburst/storm +-1 d & sun < -12 deg,x_outburst,,,,,conditional_logit,meteor_like,discovery,CS2,model-SE p=5.67e-13; clusters=1850 | exact conditional OR=2.79 p=4.54e-12,9688.0,38751.0,9688.0,95.0,154.0,OK,OR,2.7933185507451124,1.6215536237342727,4.811822693823789,0.00021382138174544745,wald_twoway_cluster_robust,+,+,PASSED
positive_control,positive_control,CNEOS bolide within 30 min & 1000 km,x_fireball_30m_1000,,,,,exact_conditional_matched_sets,all,discovery,CS1,clogit status OK; informative sets 20,37801.0,129775.0,37801.0,18.0,2.0,OK_EXACT,OR_exact_MUE,28.658334134413188,7.188014697676495,267.76100413600506,8.384704589843755e-10,exact_conditional_MUE,+,+,PASSED
positive_control,positive_control,CNEOS bolide within 30 min & 1000 km,x_fireball_30m_1000,,,,,exact_conditional_matched_sets,all,discovery,CS2,clogit status OK; informative sets 19,37801.0,150856.0,37801.0,18.0,1.0,OK_EXACT,OR_exact_MUE,67.3197097955892,11.368026534157785,2999.8400997678127,8.074035200000009e-12,exact_conditional_MUE,+,+,PASSED
positive_control,positive_control,CNEOS bolide within 30 min & 500 km,x_fireball_30m_500,,,,,exact_conditional_matched_sets,meteor_like,discovery,CS1,clogit status SEPARATION; informative sets 9,9377.0,32136.0,9377.0,9.0,0.0,OK_EXACT,OR_exact_MUE,40.2230866223589,6.34292795608507,inf,4.882812500000001e-06,exact_conditional_MUE,+,+,PASSED
positive_control,positive_control,CNEOS bolide within 30 min & 500 km,x_fireball_30m_500,,,,,exact_conditional_matched_sets,meteor_like,discovery,CS2,clogit status SEPARATION; informative sets 9,9377.0,37467.0,9377.0,9.0,0.0,OK_EXACT,OR_exact_MUE,49.962691052248786,7.8953052475485315,inf,1.0240000000000005e-06,exact_conditional_MUE,+,+,PASSED
positive_control,positive_control,"rocket launch 0-3 h before, <=1500 km",x_launch_3h_1500,,,,,conditional_logit,all,discovery,CS1,model-SE p=1.01e-19; clusters=3091 | exact conditional OR=1.68 p=1.42e-18,40368.0,139248.0,40368.0,505.0,1116.0,OK,OR,1.6758213309896275,1.3745754000718253,2.043087002177619,3.276709241257368e-07,wald_twoway_cluster_robust,+,+,PASSED
positive_control,positive_control,"rocket launch 0-3 h before, <=1500 km",x_launch_3h_1500,,,,,conditional_logit,all,discovery,CS2,model-SE p=6.45e-21; clusters=3091 | exact conditional OR=1.68 p=1.55e-19,40368.0,161383.0,40368.0,505.0,1256.0,OK,OR,1.6795736548235696,1.3729427758415973,2.054686991778069,4.612389902848171e-07,wald_twoway_cluster_robust,+,+,PASSED
positive_control,positive_control,rocket launch in observer twilight,x_launch_twilight,,,,,conditional_logit,all,discovery,CS1,model-SE p=2.05e-30; clusters=3091 | exact conditional OR=3.21 p=1.69e-28,40368.0,139248.0,40368.0,191.0,215.0,OK,OR,3.211361198384125,2.2200283313596336,4.645364476124108,5.860337364052497e-10,wald_twoway_cluster_robust,+,+,PASSED
positive_control,positive_control,rocket launch in observer twilight,x_launch_twilight,,,,,conditional_logit,all,discovery,CS2,model-SE p=3.39e-32; clusters=3091 | exact conditional OR=3.19 p=1.87e-29,40368.0,161383.0,40368.0,191.0,247.0,OK,OR,3.185977799160044,2.187481430838219,4.640247178167421,1.5391767828955474e-09,wald_twoway_cluster_robust,+,+,PASSED
positive_control,positive_control,rocket launch not in twilight,x_launch_dark_or_day,,,,,conditional_logit,all,discovery,CS1,model-SE p=0.000835; clusters=3091 | exact conditional OR=1.26 p=0.00113,40368.0,139248.0,40368.0,314.0,901.0,OK,OR,1.2641079122162024,1.0651007498873988,1.500298271216635,0.007326090602744435,wald_twoway_cluster_robust,+,+,PASSED
positive_control,positive_control,rocket launch not in twilight,x_launch_dark_or_day,,,,,conditional_logit,all,discovery,CS2,model-SE p=0.000379; clusters=3091 | exact conditional OR=1.28 p=0.000541,40368.0,161383.0,40368.0,314.0,1009.0,OK,OR,1.2750087224141982,1.0700458293781199,1.5192314175712136,0.006584313169787293,wald_twoway_cluster_robust,+,+,PASSED
positive_control,positive_control,Starlink launch within 10 d (line-formation reports),x_starlink_10d,,,,,conditional_logit,line_formation,discovery,CS1,,0.0,0.0,0.0,,,NOT_TESTABLE,OR,,,,,,,+,NOT_TESTABLE
positive_control,positive_control,Starlink launch within 10 d (line-formation reports),x_starlink_10d,,,,,conditional_logit,line_formation,discovery,CS2,,0.0,0.0,0.0,,,NOT_TESTABLE,OR,,,,,,,+,NOT_TESTABLE
positive_control,positive_control,Starlink launch within 10 d (all reports),x_starlink_10d,,,,,conditional_logit,all,discovery,CS1,,0.0,0.0,0.0,,,NOT_TESTABLE,OR,,,,,,,+,NOT_TESTABLE
positive_control,positive_control,Starlink launch within 10 d (all reports),x_starlink_10d,,,,,conditional_logit,all,discovery,CS2,,0.0,0.0,0.0,,,NOT_TESTABLE,OR,,,,,,,+,NOT_TESTABLE
positive_control,positive_control,July 4th,x_july4,,,,,conditional_logit,all,discovery,CS1,model-SE p=1.54e-113; clusters=3100 | exact conditional OR=4.46 p=4.65e-114,40532.0,139871.0,40532.0,570.0,383.0,OK,OR,4.464751958224542,2.4462703585956773,8.148735473340459,1.0923119413900008e-06,wald_twoway_cluster_robust,+,+,PASSED
positive_control,positive_control,July 4th (orange/fireball reports),x_july4,,,,,conditional_logit,orange_or_fireball,discovery,CS1,model-SE p=1.74e-54; clusters=1556 | exact conditional OR=7.81 p=1.77e-62,7434.0,25572.0,7434.0,206.0,79.0,OK,OR,7.822784810126586,3.455164183113436,17.711448412388844,8.062321409143482e-07,wald_twoway_cluster_robust,+,+,PASSED
positive_control,positive_control,New Year's Eve/Day,x_nye,,,,,conditional_logit,orange_or_fireball,discovery,CS1,model-SE p=1.57e-53; clusters=1556 | exact conditional OR=5.27 p=1.67e-51,7434.0,25572.0,7434.0,199.0,151.0,OK,OR,5.271523178807945,2.6392929166954935,10.528939947863904,2.48193657741742e-06,wald_twoway_cluster_robust,+,+,PASSED
positive_control,positive_control,Venus conspicuous (planet-like reports),x_venus_vis,,,,,conditional_logit,planet_like,discovery,CS1,model-SE p=0.00382; clusters=873 | exact conditional OR=1.59 p=0.00464,2112.0,7242.0,2112.0,397.0,1268.0,OK,OR,1.5911137850026542,1.155432447100487,2.1910783994153293,0.0044408738767103,wald_twoway_cluster_robust,+,+,PASSED
positive_control,positive_control,Venus conspicuous (planet-like reports),x_venus_vis,,,,,conditional_logit,planet_like,discovery,CS2,model-SE p=3.16e-44; clusters=873 | exact conditional OR=2.8 p=1.06e-42,2112.0,8448.0,2112.0,397.0,702.0,OK,OR,2.799380737213194,2.3569136212738644,3.324912903530506,9.239439666245244e-32,wald_twoway_cluster_robust,+,+,PASSED
positive_control,positive_control,Venus altitude per 10 deg (planet-like reports),x_venus_alt,,,,,conditional_logit,planet_like,discovery,CS1,model-SE p=0.00759; clusters=873,2112.0,7242.0,2112.0,,,OK,OR,1.2950823982329454,1.055083632860568,1.5896734305937708,0.013406881649181013,wald_twoway_cluster_robust,+,+,PASSED
positive_control,positive_control,Venus altitude per 10 deg (planet-like reports),x_venus_alt,,,,,conditional_logit,planet_like,discovery,CS2,model-SE p=4.41e-20; clusters=873,2112.0,8448.0,2112.0,,,OK,OR,1.2311861039367715,1.1655620156516364,1.3005049943048723,9.91157330526801e-14,wald_twoway_cluster_robust,+,+,PASSED
positive_control,positive_control,ISS visible pass +-10 min (satellite-like reports),x_iss,,,,,conditional_logit,satellite_like,discovery,CS1,model-SE p=0.000167; clusters=1077 | exact conditional OR=1.57 p=0.000294,3060.0,10410.0,3060.0,114.0,254.0,OK,OR,1.564505129532293,1.2096397377575778,2.023475439778742,0.0006494054537146318,wald_twoway_cluster_robust,+,+,PASSED
positive_control,positive_control,ISS visible pass +-10 min (satellite-like reports),x_iss,,,,,conditional_logit,satellite_like,discovery,CS2,model-SE p=1.48e-05; clusters=994 | exact conditional OR=1.79 p=2.96e-05,2560.0,7757.0,2560.0,101.0,187.0,OK,OR,1.7939007756029786,1.3216563247351736,2.4348841166055704,0.0001773915950914507,wald_twoway_cluster_robust,+,+,PASSED
positive_control,positive_control,Moon above horizon (moon-word reports),x_moon_up,,,,,conditional_logit,moon_word,discovery,CS1,model-SE p=3.55e-17; clusters=311 | exact conditional OR=2.47 p=1.38e-18,438.0,1520.0,438.0,314.0,692.0,OK,OR,2.476696485463824,1.9927982798814858,3.0780965354273864,2.908802518355863e-16,wald_twoway_cluster_robust,+,+,PASSED
positive_control,positive_control,Moon above horizon (moon-word reports),x_moon_up,,,,,conditional_logit,moon_word,discovery,CS2,model-SE p=1.83e-25; clusters=311 | exact conditional OR=3.24 p=7.68e-28,438.0,1752.0,438.0,314.0,725.0,OK,OR,3.2416767541379037,2.4915170896271874,4.217698615059657,1.9846607284689354e-18,wald_twoway_cluster_robust,+,+,PASSED
positive_control,positive_control,clear sky (<=2 oktas),x_clear,,,,,conditional_logit,all,discovery,CS1,model-SE p=7.86e-215; clusters=1100 | exact conditional OR=nan p=nan,24944.0,85077.0,24944.0,14273.0,40096.0,OK,OR,1.681270797565244,1.6136518836166132,1.7517232331488783,7.585610510750858e-136,wald_twoway_cluster_robust,+,+,PASSED
positive_control,positive_control,clear sky (<=2 oktas),x_clear,,,,,conditional_logit,all,discovery,CS2,model-SE p=2.69e-211; clusters=1101 | exact conditional OR=nan p=nan,24908.0,95802.0,24908.0,14253.0,45591.0,OK,OR,1.6535223189406327,1.5899365568992794,1.7196510435403565,1.9782793287465798e-139,wald_twoway_cluster_robust,+,+,PASSED
positive_control,positive_control,sky cover per okta,x_sky_oktas,,,,,conditional_logit,all,discovery,CS1,model-SE p=9.49e-274; clusters=1100,24944.0,85077.0,24944.0,,,OK,OR,0.91601482863607,0.9100945800034298,0.9219735890285231,6.180858995513388e-155,wald_twoway_cluster_robust,-,-,PASSED
positive_control,positive_control,sky cover per okta,x_sky_oktas,,,,,conditional_logit,all,discovery,CS2,model-SE p=2.25e-274; clusters=1101,24908.0,95802.0,24908.0,,,OK,OR,0.9176982556669818,0.9121682269155653,0.9232618102715131,1.0445477522994943e-170,wald_twoway_cluster_robust,-,-,PASSED
positive_control,positive_control,large airport within 25 km (aircraft-like reports; spatial controls),x_large_airport_25km,,,,,conditional_logit,aircraft_like,discovery,CS4,model-SE p=9.9e-08; clusters=706 | exact conditional OR=0.718 p=9.82e-08,1611.0,6444.0,1611.0,582.0,2764.0,OK,OR,0.718067283288739,0.5603558289692958,0.9201664311730094,0.008855645284896895,wald_twoway_cluster_robust,-,+,FAILED
positive_control,positive_control,large airport within 25 km (non-aircraft-like reports; spatial controls),x_large_airport_25km,,,,,conditional_logit,non_aircraft_like,discovery,CS4,model-SE p=0; clusters=2966 | exact conditional OR=nan p=nan,38718.0,154872.0,38718.0,12928.0,66803.0,OK,OR,0.6105855436890231,0.4966617941985463,0.7506410006101312,2.8365585391989665e-06,wald_twoway_cluster_robust,-,info,INFORMATIONAL
,,large airport within 25 km: ratio of ORs aircraft-like / non-aircraft-like,,,,,,,contrast,,CS4,,,,,,,,,1.1760305999882261,0.8516571501060799,1.6239492287904806,0.3247327939925072,,,+,INCONCLUSIVE
