family,phase,hypothesis,variable_a,variable_b,variable_c,window,radius_km,model,subset,split,control_strategy,notes,n_cases,n_controls,n_strata,n_exposed_cases,n_exposed_controls,status,effect_measure,effect,ci_low,ci_high,p_value,inference_method,direction
SEQ_ordered_pair,discovery,kp_storm (72-24h before) then substorm_AE500 (24-0h before),kp_storm,substorm_AE500,,"A:[-72h,-24h) B:[-24h,0]",,conditional_logit,ALL,discovery,CS1,model-SE p=0.939; clusters=3073 | exact conditional OR=nan p=nan,39662,136854,39662,4510,15658,OK,OR,1.0014677264393428,0.9154111466839994,1.095614370365321,0.9744766772357418,wald_twoway_cluster_robust,+
SEQ_ordered_pair,discovery,kp_storm (72-24h before) then flare_MX (24-0h before),kp_storm,flare_MX,,"A:[-72h,-24h) B:[-24h,0]",,conditional_logit,ALL,discovery,CS1,model-SE p=0.367; clusters=3073 | exact conditional OR=nan p=nan,39662,136854,39662,1638,5841,OK,OR,0.9735721829316291,0.8467631112667726,1.1193718559140677,0.7067884482227913,wald_twoway_cluster_robust,-
SEQ_ordered_pair,discovery,kp_storm (72-24h before) then quake_M4_500km (24-0h before),kp_storm,quake_M4_500km,,"A:[-72h,-24h) B:[-24h,0]",,conditional_logit,ALL,discovery,CS1,model-SE p=0.342; clusters=3073 | exact conditional OR=1.11 p=0.371,39662,136854,39662,111,351,OK,OR,1.1101827948183154,0.8598934777469733,1.4333238590667328,0.4225976119107069,wald_twoway_cluster_robust,+
SEQ_ordered_pair,discovery,kp_storm (72-24h before) then launch_1500km (24-0h before),kp_storm,launch_1500km,,"A:[-72h,-24h) B:[-24h,0]",,conditional_logit,ALL,discovery,CS1,model-SE p=0.871; clusters=3073 | exact conditional OR=0.991 p=0.896,39662,136854,39662,456,1636,OK,OR,0.9910518376554794,0.8279473165815664,1.1862877326247623,0.9219533102988245,wald_twoway_cluster_robust,-
SEQ_ordered_pair,discovery,kp_storm (72-24h before) then convective_storm_50km (24-0h before),kp_storm,convective_storm_50km,,"A:[-72h,-24h) B:[-24h,0]",,conditional_logit,ALL,discovery,CS1,model-SE p=0.22; clusters=3073 | exact conditional OR=0.893 p=0.236,39662,136854,39662,149,570,OK,OR,0.8924420500027871,0.721118459513663,1.1044687625252598,0.29540464899896557,wald_twoway_cluster_robust,-
SEQ_ordered_pair,discovery,substorm_AE500 (72-24h before) then kp_storm (24-0h before),substorm_AE500,kp_storm,,"A:[-72h,-24h) B:[-24h,0]",,conditional_logit,ALL,discovery,CS1,model-SE p=0.458; clusters=3073 | exact conditional OR=nan p=nan,39662,136854,39662,3080,10849,OK,OR,0.9836301310835581,0.8831757026178795,1.095510476463,0.7639454554146453,wald_twoway_cluster_robust,-
SEQ_ordered_pair,discovery,substorm_AE500 (72-24h before) then flare_MX (24-0h before),substorm_AE500,flare_MX,,"A:[-72h,-24h) B:[-24h,0]",,conditional_logit,ALL,discovery,CS1,model-SE p=0.121; clusters=3073 | exact conditional OR=nan p=nan,39662,136854,39662,4444,15081,OK,OR,1.0306524838096696,0.929755354084152,1.1424989785935642,0.5657075283976183,wald_twoway_cluster_robust,+
SEQ_ordered_pair,discovery,substorm_AE500 (72-24h before) then quake_M4_500km (24-0h before),substorm_AE500,quake_M4_500km,,"A:[-72h,-24h) B:[-24h,0]",,conditional_logit,ALL,discovery,CS1,model-SE p=0.176; clusters=3073 | exact conditional OR=1.09 p=0.188,39662,136854,39662,334,1065,OK,OR,1.0907164030811958,0.9370811815312088,1.2695402441082537,0.26227174160497146,wald_twoway_cluster_robust,+
SEQ_ordered_pair,discovery,substorm_AE500 (72-24h before) then launch_1500km (24-0h before),substorm_AE500,launch_1500km,,"A:[-72h,-24h) B:[-24h,0]",,conditional_logit,ALL,discovery,CS1,model-SE p=0.799; clusters=3073 | exact conditional OR=1.01 p=0.81,39662,136854,39662,1298,4544,OK,OR,1.008881749413057,0.8952490953694945,1.1369376294970266,0.884681257983358,wald_twoway_cluster_robust,+
SEQ_ordered_pair,discovery,substorm_AE500 (72-24h before) then convective_storm_50km (24-0h before),substorm_AE500,convective_storm_50km,,"A:[-72h,-24h) B:[-24h,0]",,conditional_logit,ALL,discovery,CS1,model-SE p=1.47e-06; clusters=3073 | exact conditional OR=0.786 p=9.83e-07,39662,136854,39662,520,2250,OK,OR,0.7861053937062581,0.701121088932994,0.8813908178892754,3.7412979196330736e-05,wald_twoway_cluster_robust,-
SEQ_ordered_pair,discovery,flare_MX (72-24h before) then kp_storm (24-0h before),flare_MX,kp_storm,,"A:[-72h,-24h) B:[-24h,0]",,conditional_logit,ALL,discovery,CS1,model-SE p=0.436; clusters=3073 | exact conditional OR=nan p=nan,39662,136854,39662,1772,6265,OK,OR,0.9779627464762625,0.842293481873332,1.1354844292137407,0.7699391373337647,wald_twoway_cluster_robust,-
SEQ_ordered_pair,discovery,flare_MX (72-24h before) then substorm_AE500 (24-0h before),flare_MX,substorm_AE500,,"A:[-72h,-24h) B:[-24h,0]",,conditional_logit,ALL,discovery,CS1,model-SE p=0.876; clusters=3073 | exact conditional OR=nan p=nan,39662,136854,39662,5255,18082,OK,OR,1.0028327087757898,0.9083374749552844,1.1071583739733906,0.9553252899813294,wald_twoway_cluster_robust,+
SEQ_ordered_pair,discovery,flare_MX (72-24h before) then quake_M4_500km (24-0h before),flare_MX,quake_M4_500km,,"A:[-72h,-24h) B:[-24h,0]",,conditional_logit,ALL,discovery,CS1,model-SE p=0.00243; clusters=3073 | exact conditional OR=1.3 p=0.00332,39662,136854,39662,192,517,OK,OR,1.2963858298416917,1.04736341759806,1.6046161165992634,0.017068983690848385,wald_twoway_cluster_robust,+
SEQ_ordered_pair,discovery,flare_MX (72-24h before) then launch_1500km (24-0h before),flare_MX,launch_1500km,,"A:[-72h,-24h) B:[-24h,0]",,conditional_logit,ALL,discovery,CS1,model-SE p=0.942; clusters=3073 | exact conditional OR=0.996 p=0.965,39662,136854,39662,559,1944,OK,OR,0.9962933391464911,0.7971488867627197,1.2451882378694505,0.9739622984367615,wald_twoway_cluster_robust,-
SEQ_ordered_pair,discovery,flare_MX (72-24h before) then convective_storm_50km (24-0h before),flare_MX,convective_storm_50km,,"A:[-72h,-24h) B:[-24h,0]",,conditional_logit,ALL,discovery,CS1,model-SE p=0.0319; clusters=3073 | exact conditional OR=0.856 p=0.0328,39662,136854,39662,245,983,OK,OR,0.8553169338614246,0.7129981464296996,1.0260434210290612,0.09235339060511676,wald_twoway_cluster_robust,-
SEQ_ordered_pair,discovery,quake_M4_500km (72-24h before) then kp_storm (24-0h before),quake_M4_500km,kp_storm,,"A:[-72h,-24h) B:[-24h,0]",,conditional_logit,ALL,discovery,CS1,model-SE p=0.016; clusters=3073 | exact conditional OR=0.749 p=0.0159,39662,136854,39662,85,396,OK,OR,0.7478763081878698,0.559277426632847,1.0000742846285084,0.05005437925270483,wald_twoway_cluster_robust,-
SEQ_ordered_pair,discovery,quake_M4_500km (72-24h before) then substorm_AE500 (24-0h before),quake_M4_500km,substorm_AE500,,"A:[-72h,-24h) B:[-24h,0]",,conditional_logit,ALL,discovery,CS1,model-SE p=0.379; clusters=3073 | exact conditional OR=0.95 p=0.395,39662,136854,39662,391,1414,OK,OR,0.9494767520136639,0.8342983480062364,1.0805560202399895,0.43200704658448974,wald_twoway_cluster_robust,-
SEQ_ordered_pair,discovery,quake_M4_500km (72-24h before) then flare_MX (24-0h before),quake_M4_500km,flare_MX,,"A:[-72h,-24h) B:[-24h,0]",,conditional_logit,ALL,discovery,CS1,model-SE p=0.0744; clusters=3073 | exact conditional OR=0.857 p=0.0785,39662,136854,39662,171,681,OK,OR,0.8559114218224925,0.7012740043674933,1.0446478230245355,0.12592621683878868,wald_twoway_cluster_robust,-
SEQ_ordered_pair,discovery,quake_M4_500km (72-24h before) then launch_1500km (24-0h before),quake_M4_500km,launch_1500km,,"A:[-72h,-24h) B:[-24h,0]",,conditional_logit,ALL,discovery,CS1,model-SE p=0.641; clusters=3073 | exact conditional OR=1.07 p=0.683,39662,136854,39662,75,246,OK,OR,1.0640290997468336,0.7987011020269301,1.4174988894279548,0.6714983664435226,wald_twoway_cluster_robust,+
SEQ_ordered_pair,discovery,quake_M4_500km (72-24h before) then convective_storm_50km (24-0h before),quake_M4_500km,convective_storm_50km,,"A:[-72h,-24h) B:[-24h,0]",,conditional_logit,ALL,discovery,CS1,model-SE p=0.909; clusters=3073 | exact conditional OR=0.972 p=1,39662,136854,39662,12,41,OK,OR,0.963253317364197,0.5144873749376198,1.8034591296348732,0.9068548274072248,wald_twoway_cluster_robust,-
SEQ_ordered_pair,discovery,launch_1500km (72-24h before) then kp_storm (24-0h before),launch_1500km,kp_storm,,"A:[-72h,-24h) B:[-24h,0]",,conditional_logit,ALL,discovery,CS1,model-SE p=0.356; clusters=3073 | exact conditional OR=0.953 p=0.369,39662,136854,39662,511,1900,OK,OR,0.9532347521727813,0.7938596694459764,1.1446059394654,0.6078873472071753,wald_twoway_cluster_robust,-
SEQ_ordered_pair,discovery,launch_1500km (72-24h before) then substorm_AE500 (24-0h before),launch_1500km,substorm_AE500,,"A:[-72h,-24h) B:[-24h,0]",,conditional_logit,ALL,discovery,CS1,model-SE p=0.883; clusters=3073 | exact conditional OR=nan p=nan,39662,136854,39662,1796,6336,OK,OR,0.9957073182342315,0.8838578149384149,1.121711034092385,0.9435873865839585,wald_twoway_cluster_robust,-
SEQ_ordered_pair,discovery,launch_1500km (72-24h before) then flare_MX (24-0h before),launch_1500km,flare_MX,,"A:[-72h,-24h) B:[-24h,0]",,conditional_logit,ALL,discovery,CS1,model-SE p=0.607; clusters=3073 | exact conditional OR=0.977 p=0.625,39662,136854,39662,683,2452,OK,OR,0.9764541721128898,0.8307672798310759,1.1476893389813587,0.7725541521706728,wald_twoway_cluster_robust,-
SEQ_ordered_pair,discovery,launch_1500km (72-24h before) then quake_M4_500km (24-0h before),launch_1500km,quake_M4_500km,,"A:[-72h,-24h) B:[-24h,0]",,conditional_logit,ALL,discovery,CS1,model-SE p=0.192; clusters=3073 | exact conditional OR=0.815 p=0.215,39662,136854,39662,50,216,OK,OR,0.8125348993689759,0.5846307583936413,1.1292819496986162,0.21643093822244064,wald_twoway_cluster_robust,-
SEQ_ordered_pair,discovery,launch_1500km (72-24h before) then convective_storm_50km (24-0h before),launch_1500km,convective_storm_50km,,"A:[-72h,-24h) B:[-24h,0]",,conditional_logit,ALL,discovery,CS1,model-SE p=0.00203; clusters=3073 | exact conditional OR=0.705 p=0.00172,39662,136854,39662,95,466,OK,OR,0.7043379823334047,0.5277413746368936,0.9400286147714342,0.017315520312321694,wald_twoway_cluster_robust,-
SEQ_ordered_pair,discovery,convective_storm_50km (72-24h before) then kp_storm (24-0h before),convective_storm_50km,kp_storm,,"A:[-72h,-24h) B:[-24h,0]",,conditional_logit,ALL,discovery,CS1,model-SE p=0.0151; clusters=3073 | exact conditional OR=1.21 p=0.0182,39662,136854,39662,218,630,OK,OR,1.2135263664174663,0.9697317382861429,1.518611987056402,0.09076405275187367,wald_twoway_cluster_robust,+
SEQ_ordered_pair,discovery,convective_storm_50km (72-24h before) then substorm_AE500 (24-0h before),convective_storm_50km,substorm_AE500,,"A:[-72h,-24h) B:[-24h,0]",,conditional_logit,ALL,discovery,CS1,model-SE p=0.0929; clusters=3073 | exact conditional OR=1.07 p=0.0979,39662,136854,39662,922,2991,OK,OR,1.0681803211067002,0.9616992263857607,1.1864511971042464,0.21829636915460449,wald_twoway_cluster_robust,+
SEQ_ordered_pair,discovery,convective_storm_50km (72-24h before) then flare_MX (24-0h before),convective_storm_50km,flare_MX,,"A:[-72h,-24h) B:[-24h,0]",,conditional_logit,ALL,discovery,CS1,model-SE p=0.308; clusters=3073 | exact conditional OR=1.06 p=0.321,39662,136854,39662,423,1382,OK,OR,1.0602595550081046,0.8999325578463916,1.2491495214665451,0.4842225773141543,wald_twoway_cluster_robust,+
SEQ_ordered_pair,discovery,convective_storm_50km (72-24h before) then quake_M4_500km (24-0h before),convective_storm_50km,quake_M4_500km,,"A:[-72h,-24h) B:[-24h,0]",,conditional_logit,ALL,discovery,CS1,model-SE p=0.586; clusters=3073 | exact conditional OR=1.24 p=0.703,39662,136854,39662,10,27,OK,OR,1.2239179823821777,0.5512788346006282,2.717273244643363,0.6195083446365042,wald_twoway_cluster_robust,+
SEQ_ordered_pair,discovery,convective_storm_50km (72-24h before) then launch_1500km (24-0h before),convective_storm_50km,launch_1500km,,"A:[-72h,-24h) B:[-24h,0]",,conditional_logit,ALL,discovery,CS1,model-SE p=0.38; clusters=3073 | exact conditional OR=1.1 p=0.408,39662,136854,39662,124,387,OK,OR,1.0955554858266068,0.8240659688702067,1.4564875481635313,0.5299132887931979,wald_twoway_cluster_robust,+
SEQ_ordered_pair,discovery,kp_storm (72-24h before) then substorm_AE500 (24-0h before),kp_storm,substorm_AE500,,"A:[-72h,-24h) B:[-24h,0]",,conditional_logit,HQ_UNEXPLAINED,discovery,CS1,model-SE p=0.746; clusters=1257 | exact conditional OR=0.98 p=0.772,3938,13393,3938,402,1400,OK,OR,0.9797392765824487,0.8318665565255566,1.1538978728601048,0.8062989323805374,wald_twoway_cluster_robust,-
SEQ_ordered_pair,discovery,kp_storm (72-24h before) then flare_MX (24-0h before),kp_storm,flare_MX,,"A:[-72h,-24h) B:[-24h,0]",,conditional_logit,HQ_UNEXPLAINED,discovery,CS1,model-SE p=0.0483; clusters=1257 | exact conditional OR=0.825 p=0.051,3938,13393,3938,143,584,OK,OR,0.8245017088589989,0.6420112651630632,1.0588647034701912,0.13056339558764743,wald_twoway_cluster_robust,-
SEQ_ordered_pair,discovery,kp_storm (72-24h before) then quake_M4_500km (24-0h before),kp_storm,quake_M4_500km,,"A:[-72h,-24h) B:[-24h,0]",,conditional_logit,HQ_UNEXPLAINED,discovery,CS1,model-SE p=0.0232; clusters=1257 | exact conditional OR=2.18 p=0.0407,3938,13393,3938,15,24,OK,OR,2.1771490802664504,1.1224320790649178,4.222953180074699,0.02135267544848344,wald_twoway_cluster_robust,+
SEQ_ordered_pair,discovery,kp_storm (72-24h before) then launch_1500km (24-0h before),kp_storm,launch_1500km,,"A:[-72h,-24h) B:[-24h,0]",,conditional_logit,HQ_UNEXPLAINED,discovery,CS1,model-SE p=0.653; clusters=1257 | exact conditional OR=0.893 p=0.764,3938,13393,3938,18,69,OK,OR,0.8873817395709629,0.5053702703494404,1.5581572520668958,0.6774366023755076,wald_twoway_cluster_robust,-
SEQ_ordered_pair,discovery,kp_storm (72-24h before) then convective_storm_50km (24-0h before),kp_storm,convective_storm_50km,,"A:[-72h,-24h) B:[-24h,0]",,conditional_logit,HQ_UNEXPLAINED,discovery,CS1,model-SE p=0.559; clusters=1257 | exact conditional OR=0.85 p=0.67,3938,13393,3938,15,59,OK,OR,0.8433771454219281,0.46652986548568515,1.524629101032043,0.5728364012123788,wald_twoway_cluster_robust,-
SEQ_ordered_pair,discovery,substorm_AE500 (72-24h before) then kp_storm (24-0h before),substorm_AE500,kp_storm,,"A:[-72h,-24h) B:[-24h,0]",,conditional_logit,HQ_UNEXPLAINED,discovery,CS1,model-SE p=0.896; clusters=1257 | exact conditional OR=1.01 p=0.921,3938,13393,3938,292,985,OK,OR,1.009443271549574,0.8262651399415957,1.2332309197368934,0.9266979514973339,wald_twoway_cluster_robust,+
SEQ_ordered_pair,discovery,substorm_AE500 (72-24h before) then flare_MX (24-0h before),substorm_AE500,flare_MX,,"A:[-72h,-24h) B:[-24h,0]",,conditional_logit,HQ_UNEXPLAINED,discovery,CS1,model-SE p=0.0876; clusters=1257 | exact conditional OR=0.904 p=0.0918,3938,13393,3938,461,1705,OK,OR,0.9037546634010796,0.7641236529172846,1.0689009409680101,0.237267798955328,wald_twoway_cluster_robust,-
SEQ_ordered_pair,discovery,substorm_AE500 (72-24h before) then quake_M4_500km (24-0h before),substorm_AE500,quake_M4_500km,,"A:[-72h,-24h) B:[-24h,0]",,conditional_logit,HQ_UNEXPLAINED,discovery,CS1,model-SE p=0.0943; clusters=1257 | exact conditional OR=1.42 p=0.121,3938,13393,3938,37,90,OK,OR,1.4145387144763732,0.9303242701705344,2.1507767118509005,0.10476484095811758,wald_twoway_cluster_robust,+
SEQ_ordered_pair,discovery,substorm_AE500 (72-24h before) then launch_1500km (24-0h before),substorm_AE500,launch_1500km,,"A:[-72h,-24h) B:[-24h,0]",,conditional_logit,HQ_UNEXPLAINED,discovery,CS1,model-SE p=0.0564; clusters=1257 | exact conditional OR=0.776 p=0.0602,3938,13393,3938,71,311,OK,OR,0.7748982412481906,0.5622131995512436,1.0680419541356014,0.11926208739408015,wald_twoway_cluster_robust,-
SEQ_ordered_pair,discovery,substorm_AE500 (72-24h before) then convective_storm_50km (24-0h before),substorm_AE500,convective_storm_50km,,"A:[-72h,-24h) B:[-24h,0]",,conditional_logit,HQ_UNEXPLAINED,discovery,CS1,model-SE p=0.0573; clusters=1257 | exact conditional OR=0.753 p=0.0618,3938,13393,3938,57,257,OK,OR,0.7515103362550546,0.5622972127361517,1.004393713335358,0.05356037018568611,wald_twoway_cluster_robust,-
SEQ_ordered_pair,discovery,flare_MX (72-24h before) then kp_storm (24-0h before),flare_MX,kp_storm,,"A:[-72h,-24h) B:[-24h,0]",,conditional_logit,HQ_UNEXPLAINED,discovery,CS1,model-SE p=0.299; clusters=1257 | exact conditional OR=1.09 p=0.32,3938,13393,3938,193,604,OK,OR,1.0942756469754307,0.8490517782300212,1.4103252855317534,0.48646077955088796,wald_twoway_cluster_robust,+
SEQ_ordered_pair,discovery,flare_MX (72-24h before) then substorm_AE500 (24-0h before),flare_MX,substorm_AE500,,"A:[-72h,-24h) B:[-24h,0]",,conditional_logit,HQ_UNEXPLAINED,discovery,CS1,model-SE p=0.302; clusters=1257 | exact conditional OR=1.06 p=0.315,3938,13393,3938,582,1889,OK,OR,1.0572412693037327,0.9011043260725555,1.2404325106180523,0.49477338087998024,wald_twoway_cluster_robust,+
SEQ_ordered_pair,discovery,flare_MX (72-24h before) then quake_M4_500km (24-0h before),flare_MX,quake_M4_500km,,"A:[-72h,-24h) B:[-24h,0]",,conditional_logit,HQ_UNEXPLAINED,discovery,CS1,model-SE p=0.12; clusters=1257 | exact conditional OR=1.52 p=0.162,3938,13393,3938,21,47,OK,OR,1.516066533351792,0.8509189181900255,2.701147764393732,0.15790803885177795,wald_twoway_cluster_robust,+
SEQ_ordered_pair,discovery,flare_MX (72-24h before) then launch_1500km (24-0h before),flare_MX,launch_1500km,,"A:[-72h,-24h) B:[-24h,0]",,conditional_logit,HQ_UNEXPLAINED,discovery,CS1,model-SE p=0.0364; clusters=1257 | exact conditional OR=0.695 p=0.0382,3938,13393,3938,40,196,OK,OR,0.6925077289524519,0.42578813889169953,1.1263041659806825,0.13868918894912072,wald_twoway_cluster_robust,-
SEQ_ordered_pair,discovery,flare_MX (72-24h before) then convective_storm_50km (24-0h before),flare_MX,convective_storm_50km,,"A:[-72h,-24h) B:[-24h,0]",,conditional_logit,HQ_UNEXPLAINED,discovery,CS1,model-SE p=0.745; clusters=1257 | exact conditional OR=0.94 p=0.833,3938,13393,3938,33,121,OK,OR,0.9369630640334531,0.6169916804125833,1.422871346945722,0.7600144519884569,wald_twoway_cluster_robust,-
SEQ_ordered_pair,discovery,quake_M4_500km (72-24h before) then kp_storm (24-0h before),quake_M4_500km,kp_storm,,"A:[-72h,-24h) B:[-24h,0]",,exact_conditional_matched_sets,HQ_UNEXPLAINED,discovery,CS1,clogit status OK; informative sets 43,3938,13393,3938,6,38,OK_EXACT,OR_exact_MUE,0.5583304398332919,0.18828313893844525,1.3120818233583904,0.2209994080411315,exact_conditional_MUE,-
SEQ_ordered_pair,discovery,quake_M4_500km (72-24h before) then substorm_AE500 (24-0h before),quake_M4_500km,substorm_AE500,,"A:[-72h,-24h) B:[-24h,0]",,conditional_logit,HQ_UNEXPLAINED,discovery,CS1,model-SE p=0.489; clusters=1257 | exact conditional OR=0.871 p=0.56,3938,13393,3938,31,120,OK,OR,0.8673854161733974,0.5520412316499069,1.3628646141914038,0.5371547238850392,wald_twoway_cluster_robust,-
SEQ_ordered_pair,discovery,quake_M4_500km (72-24h before) then flare_MX (24-0h before),quake_M4_500km,flare_MX,,"A:[-72h,-24h) B:[-24h,0]",,conditional_logit,HQ_UNEXPLAINED,discovery,CS1,model-SE p=0.826; clusters=1257 | exact conditional OR=0.952 p=0.938,3938,13393,3938,22,77,OK,OR,0.9473006919995317,0.5781299613233518,1.5522091244132596,0.8298604079362322,wald_twoway_cluster_robust,-
SEQ_ordered_pair,discovery,quake_M4_500km (72-24h before) then launch_1500km (24-0h before),quake_M4_500km,launch_1500km,,"A:[-72h,-24h) B:[-24h,0]",,exact_conditional_matched_sets,HQ_UNEXPLAINED,discovery,CS1,clogit status OK; informative sets 16,3938,13393,3938,2,14,OK_EXACT,OR_exact_MUE,0.48792642833710753,0.05131385527152566,2.032684025582935,0.4770820898437502,exact_conditional_MUE,-
SEQ_ordered_pair,discovery,quake_M4_500km (72-24h before) then convective_storm_50km (24-0h before),quake_M4_500km,convective_storm_50km,,"A:[-72h,-24h) B:[-24h,0]",,exact_conditional_matched_sets,HQ_UNEXPLAINED,discovery,CS1,clogit status SEPARATION; informative sets 2,3938,13393,3938,0,2,OK_EXACT,OR_exact_MUE,1.2426406871192848,0.0,15.973665961010276,1.0,exact_conditional_MUE,+
SEQ_ordered_pair,discovery,launch_1500km (72-24h before) then kp_storm (24-0h before),launch_1500km,kp_storm,,"A:[-72h,-24h) B:[-24h,0]",,conditional_logit,HQ_UNEXPLAINED,discovery,CS1,model-SE p=0.975; clusters=1257 | exact conditional OR=1.01 p=1,3938,13393,3938,30,102,OK,OR,1.0065724250614423,0.6209131326905567,1.6317710055570906,0.9787970236456265,wald_twoway_cluster_robust,+
SEQ_ordered_pair,discovery,launch_1500km (72-24h before) then substorm_AE500 (24-0h before),launch_1500km,substorm_AE500,,"A:[-72h,-24h) B:[-24h,0]",,conditional_logit,HQ_UNEXPLAINED,discovery,CS1,model-SE p=0.326; clusters=1257 | exact conditional OR=1.11 p=0.352,3938,13393,3938,134,419,OK,OR,1.1059327226863223,0.8469401783053119,1.4441246482788463,0.45950922359850244,wald_twoway_cluster_robust,+
SEQ_ordered_pair,discovery,launch_1500km (72-24h before) then flare_MX (24-0h before),launch_1500km,flare_MX,,"A:[-72h,-24h) B:[-24h,0]",,conditional_logit,HQ_UNEXPLAINED,discovery,CS1,model-SE p=0.119; clusters=1257 | exact conditional OR=0.769 p=0.133,3938,13393,3938,44,197,OK,OR,0.7666408860718951,0.5383994497637634,1.0916397638500295,0.14055292709020195,wald_twoway_cluster_robust,-
SEQ_ordered_pair,discovery,launch_1500km (72-24h before) then quake_M4_500km (24-0h before),launch_1500km,quake_M4_500km,,"A:[-72h,-24h) B:[-24h,0]",,exact_conditional_matched_sets,HQ_UNEXPLAINED,discovery,CS1,clogit status OK; informative sets 9,3938,13393,3938,2,8,OK_EXACT,OR_exact_MUE,0.9127116537623124,0.08780649909212848,4.7207184926603425,1.0,exact_conditional_MUE,-
SEQ_ordered_pair,discovery,launch_1500km (72-24h before) then convective_storm_50km (24-0h before),launch_1500km,convective_storm_50km,,"A:[-72h,-24h) B:[-24h,0]",,exact_conditional_matched_sets,HQ_UNEXPLAINED,discovery,CS1,clogit status OK; informative sets 64,3938,13393,3938,8,58,OK_EXACT,OR_exact_MUE,0.4972650602317413,0.20095005172099611,1.035204453987873,0.06425181436641685,exact_conditional_MUE,-
SEQ_ordered_pair,discovery,convective_storm_50km (72-24h before) then kp_storm (24-0h before),convective_storm_50km,kp_storm,,"A:[-72h,-24h) B:[-24h,0]",,conditional_logit,HQ_UNEXPLAINED,discovery,CS1,model-SE p=0.499; clusters=1257 | exact conditional OR=1.17 p=0.568,3938,13393,3938,25,75,OK,OR,1.169746347168503,0.7172048681159187,1.9078321655966541,0.5298741658920215,wald_twoway_cluster_robust,+
SEQ_ordered_pair,discovery,convective_storm_50km (72-24h before) then substorm_AE500 (24-0h before),convective_storm_50km,substorm_AE500,,"A:[-72h,-24h) B:[-24h,0]",,conditional_logit,HQ_UNEXPLAINED,discovery,CS1,model-SE p=0.991; clusters=1257 | exact conditional OR=1 p=1,3938,13393,3938,108,369,OK,OR,1.0012861154828918,0.7928763656831894,1.2644769455259797,0.9913873373878458,wald_twoway_cluster_robust,+
SEQ_ordered_pair,discovery,convective_storm_50km (72-24h before) then flare_MX (24-0h before),convective_storm_50km,flare_MX,,"A:[-72h,-24h) B:[-24h,0]",,conditional_logit,HQ_UNEXPLAINED,discovery,CS1,model-SE p=0.623; clusters=1257 | exact conditional OR=0.929 p=0.685,3938,13393,3938,57,209,OK,OR,0.9271619071477287,0.6548171364220319,1.312777498101057,0.6699442002559011,wald_twoway_cluster_robust,-
SEQ_ordered_pair,discovery,convective_storm_50km (72-24h before) then quake_M4_500km (24-0h before),convective_storm_50km,quake_M4_500km,,"A:[-72h,-24h) B:[-24h,0]",,exact_conditional_matched_sets,HQ_UNEXPLAINED,discovery,CS1,clogit status OK; informative sets 5,3938,13393,3938,1,4,OK_EXACT,OR_exact_MUE,0.7823222924585534,0.015229209270887837,7.578948326045273,1.0,exact_conditional_MUE,-
SEQ_ordered_pair,discovery,convective_storm_50km (72-24h before) then launch_1500km (24-0h before),convective_storm_50km,launch_1500km,,"A:[-72h,-24h) B:[-24h,0]",,exact_conditional_matched_sets,HQ_UNEXPLAINED,discovery,CS1,clogit status OK; informative sets 57,3938,13393,3938,9,50,OK_EXACT,OR_exact_MUE,0.5928882225849863,0.25089835532838506,1.2127706448902258,0.1763115654707113,exact_conditional_MUE,-
