subset,window,radius,or_pre,p_pre,or_post,p_post
ALL,1d,100,0.9932296757374935,0.8553753968025414,1.0318154670577482,0.40045884310948376
ALL,1d,250,1.0177659457110109,0.4996360924494174,1.0092288572484447,0.7357036992730449
ALL,1d,500,0.9835720914574461,0.5315622468531827,1.0185169478865643,0.4969386693126212
ALL,7d,100,0.9731273003813516,0.3620386403474879,0.9797986217822552,0.4528223402321718
ALL,7d,250,0.9829046657168765,0.5062172853502378,1.0148921890672868,0.572835153988619
ALL,7d,500,0.9828661534495707,0.4701291845480381,0.9922296004424284,0.746066396323066
HQ_UNEXPLAINED,1d,100,1.0291700730363302,0.8333496014527294,1.0473462211668458,0.765099511802263
HQ_UNEXPLAINED,1d,250,1.1451570293629714,0.0767858459140043,1.0816375751996339,0.37641575141511086
HQ_UNEXPLAINED,1d,500,0.980972183685699,0.7748984776042078,1.1390098184926125,0.09983908504073605
HQ_UNEXPLAINED,7d,100,0.9088869370458623,0.3095695375342986,0.9984792339284013,0.9855061206389677
HQ_UNEXPLAINED,7d,250,0.9179155460557359,0.3020889782079169,0.9784527287107764,0.7668772387993757
HQ_UNEXPLAINED,7d,500,0.9202222698143229,0.17697473245175444,1.030989278093246,0.6116556942221039
