close_space_pairs,observed,expected,ratio,p_perm,split,subset,d_km,dt_days,n
638477,273,184.66533066132266,1.4783500455788514,0.002,discovery,ALL,10,1,32479
1603046,3654,3075.384769539078,1.188144012479987,0.002,discovery,ALL,25,7,32479
3521863,31014,28646.33266533066,1.0826516735084495,0.002,discovery,ALL,50,30,32479
8559,18,4.901803607214429,3.6721177432542924,0.002,discovery,HQ,10,1,4894
27087,174,102.92585170340682,1.69053738317757,0.002,discovery,HQ,25,7,4894
70864,1315,1102.9839679358718,1.192220411381768,0.002,discovery,HQ,50,30,4894
4280,8,2.476953907815631,3.2297734627831716,0.002,discovery,HQ_UNEXPLAINED,10,1,3514
13955,81,52.052104208416836,1.556133056133056,0.002,discovery,HQ_UNEXPLAINED,25,7,3514
35930,674,546.685370741483,1.2328846464024399,0.002,discovery,HQ_UNEXPLAINED,50,30,3514
8338,4,3.026052104208417,1.3218543046357616,0.364,discovery,EXPLAINED,10,1,3719
22155,64,51.64729458917836,1.2391742976874127,0.046,discovery,EXPLAINED,25,7,3719
48132,513,469.2024048096192,1.093344779867767,0.036,discovery,EXPLAINED,50,30,3719
