center_fips,center_lat,center_lon,radius_km,n_counties,observed,expected,rr,llr,p_mc,counties,split,subset,baseline
53041,46.580071,-122.377444,297.65539320386364,48,2566.0,946.672727956576,2.7105460252761215,981.0514106112132,0.001,53041;53015;53067;53053;53059;53069;41009;53011;53045;53049;53033;41051;41007;53035;53027;53077;41067;41027;53037;53039;41005;53031;41057;41071;53061;53029;41065;41055;41047;53007;41053;53009;41021;53057;53055;53005;53025;41043;41031;53017;41003;41041;41049;53073;53021;41069;53047;41039,discovery,ALL,population
04025,34.631071,-112.577225,287.90974171334756,11,1527.0,798.6128354034837,1.9120654368502765,269.7065287364717,0.001,04025;04013;04005;04015;04012;04007;04021;04017;04027;32003;04019,discovery,ALL,population
06105,40.647858,-123.114666,293.61792334610004,32,1052.0,578.5277810549292,1.8184087859734368,159.06436973825248,0.001,06105;06023;06089;06103;06093;06021;06045;06015;06007;06033;06011;41033;41029;06063;06035;06115;06101;41015;06049;06097;06113;06055;06057;06091;41035;06061;06095;06067;06041;32031;41019;41011,discovery,ALL,population
37047,34.261602,-78.639308,50.00148977621052,4,213.0,46.25835281754182,4.6045738126504885,158.94337144720805,0.001,37047;37017;37019;45051,discovery,ALL,population
16049,45.849644,-115.467337,273.6526019809299,42,466.0,205.8066936784809,2.26426065970431,121.68127298122522,0.001,16049;16061;16035;30081;16085;16069;16003;41063;53003;16057;30061;16059;30039;16079;53023;16009;30063;30023;16087;53013;53075;16037;41061;16015;16045;30089;41001;30001;30093;16055;30077;30047;16075;53071;53063;41059;30043;16027;16025;53001;16039;16001,discovery,ALL,population
23007,44.976724,-70.414935,230.30286775313726,32,541.0,272.31056601461944,1.9867021978535917,103.80217548491908,0.001,23007;23017;23025;33007;23011;23001;50009;23027;23023;23005;23015;33003;23019;50005;50019;23021;23013;33009;23009;23031;50015;33001;50017;50023;33017;50011;33013;50007;23029;33015;50013;33019,discovery,ALL,population
08003,37.568442,-105.788041,290.559562651652,60,900.0,573.2903276645343,1.569885198772519,80.84710478541433,0.001,08003;08023;08021;08105;08109;08027;08055;08043;08079;35055;08007;08101;08015;35039;08053;35007;08119;08071;08051;08111;08093;08041;08067;08089;08091;08065;35033;35028;08025;08097;08035;08059;35049;08117;35043;08029;08019;08085;08113;35059;08033;08011;08037;08039;35047;08083;35045;08073;08047;08031;35021;08005;08014;08061;08013;08077;08049;08001;08009;35001,discovery,ALL,population
37055,35.606269,-75.767536,0.0,1,33.0,3.617276316648812,9.122886147269089,43.58633203541278,0.001,37055,discovery,ALL,population
25019,41.293392,-70.102164,50.976642156449984,3,86.0,27.175517937918865,3.164613097585215,40.302767987467455,0.001,25019;25001;25007,discovery,ALL,population
12097,28.059027,-81.139312,213.1537576825228,32,1449.0,1144.0944221871216,1.2665038583354005,38.902187337914825,0.001,12097;12009;12095;12105;12061;12117;12093;12055;12049;12069;12111;12127;12119;12027;12057;12043;12085;12101;12081;12053;12015;12083;12115;12035;12103;12017;12051;12099;12107;12071;12109;12075,discovery,ALL,population
12049,27.492846,-81.82158,226.5173450784621,33,1665.0,957.9376397988502,1.7381089653702513,221.22023599120644,0.001,12049;12027;12055;12105;12081;12115;12015;12057;12043;12097;12093;12071;12103;12101;12095;12051;12061;12111;12053;12119;12069;12009;12085;12117;12021;12099;12017;12127;12083;12011;12075;12087;12035,discovery,ALL,covariate_adjusted
37047,34.261602,-78.639308,50.00148977621052,4,213.0,34.22399783145963,6.2237030591500515,211.1522979568289,0.001,37047;37017;37019;45051,discovery,ALL,covariate_adjusted
29011,37.500799,-94.344089,259.5602070051085,120,873.0,517.8853198201477,1.6857013832776284,102.70192807954703,0.001,29011;29097;29217;29057;20037;29039;20021;20011;29109;29145;29185;29013;29167;40115;20133;20107;20099;29077;20001;29119;29009;29085;29083;40035;29209;20003;29059;29043;20205;20121;29037;20125;29015;05007;40041;20207;29225;40105;20059;29101;20031;05015;29213;29029;40097;29105;20091;40147;29141;29159;29229;29095;40131;20049;05143;20073;20019;29067;05009;05087;20139;20045;40001;29107;20209;29131;40021;20111;29169;29153;20103;29135;40145;29053;29047;05089;29177;05101;29195;40113;40143;20177;29215;29165;29051;20087;05033;20017;20015;20035;05005;29125;40135;05047;29033;05071;29161;20197;40101;05129;29091;29089;29049;20005;20127;29025;29151;29019;29021;20085;40117;29065;40111;40037;29041;05115;05131;05049;29027;40071,discovery,ALL,covariate_adjusted
53033,47.490552,-121.833977,225.26047629277966,31,2063.0,1506.568103043641,1.3693373673796947,96.97903323159449,0.001,53033;53053;53061;53035;53037;53029;53067;53007;53045;53041;53057;53031;53077;53055;53073;53027;53015;53017;53059;53009;53069;53049;53025;53047;41009;53039;53011;41007;41027;41051;53005,discovery,ALL,covariate_adjusted
04005,35.829692,-111.773728,178.69466865002295,5,233.0,95.09237915996476,2.45024892697286,71.1944959902182,0.001,04005;04017;04025;49025;04015,discovery,ALL,covariate_adjusted
42117,41.766859,-77.257288,258.0167721376911,100,1664.0,1254.3761203058043,1.3265558655519794,63.25856519214096,0.001,42117;42081;42105;36101;36015;42015;42035;42113;36097;36003;42023;42119;36107;42093;36123;36109;42131;42037;42027;42083;42097;42109;36051;36099;42115;36069;42047;42079;36007;36009;36121;42033;42087;36023;42067;42069;42107;36011;42099;42043;36037;36017;42025;42061;42065;36117;36067;42127;42013;36029;42053;42075;36055;42123;42041;42089;36053;42021;42011;36013;42077;42031;36073;42103;36025;42063;42095;36105;36075;36077;42055;42071;42133;36063;42001;42121;42005;34041;42057;36065;42009;34037;42091;42029;42039;34019;42049;42017;42019;24043;24013;42129;34027;42111;36111;36071;36095;42085;24021;34035,discovery,ALL,covariate_adjusted
19043,42.840985,-91.323576,246.78091456020317,119,840.0,574.671454280102,1.4617047597261958,54.628898544276524,0.001,19043;19055;19065;19005;55043;55023;19061;19019;19191;19105;19017;19037;19113;19013;27055;55103;55123;19097;55049;55065;19089;19011;17085;27045;19023;19031;55063;19067;19045;19075;55111;19171;19131;19103;27169;55081;55045;19095;17015;19163;17177;27099;19139;55057;27109;55025;19033;19069;19157;19127;55121;17161;19083;19195;17195;55053;19183;55011;55021;27157;55001;19115;27039;19107;55105;17201;17141;17131;27047;55077;19099;17073;19197;19169;19081;19123;27147;19079;55091;19189;17103;27049;19087;55141;55055;55035;19101;17007;19057;55047;17011;55019;55137;19179;19125;55027;27161;19153;55093;17071;55127;17187;27131;17175;17095;27043;19015;55097;17037;19091;19187;19177;19109;19135;55033;17111;19111;55133;27037,discovery,ALL,covariate_adjusted
37055,35.606269,-75.767536,41.316014831535995,2,35.0,3.153759901296772,11.097864484106289,52.40550574119862,0.001,37055;37095,discovery,ALL,covariate_adjusted
21171,36.714077,-85.713508,184.31735023100185,105,580.0,375.2308421328946,1.5457151568435912,48.458294840807554,0.001,21171;47027;21057;21169;47111;21009;47087;21003;21053;47169;47159;47133;21001;47137;21087;21207;47141;21099;21227;47165;21061;21213;47049;21231;21217;47189;47041;47185;21123;21045;21085;21155;21031;47147;21141;47015;47035;21147;21199;21093;47151;47037;47175;47177;47129;47149;21179;21137;21229;21021;21183;21219;47007;47021;21027;21177;21029;47187;21235;47031;47143;21167;47013;21203;47145;21079;21163;47061;21125;47003;21215;47125;47001;47153;47121;21005;21091;21047;47043;21113;21111;21149;21059;47105;21121;18061;47117;21109;47127;21151;21239;18123;47119;47107;47173;21211;21107;47115;47051;47093;47065;18043;21013;18147;47083,discovery,ALL,covariate_adjusted
48307,31.205477,-99.359856,205.59147297481212,50,331.0,188.85111381097028,1.752703456815791,43.90382371733827,0.001,48307;48095;48411;48319;48327;48049;48083;48333;48299;48267;48399;48171;48281;48451;48093;48413;48053;48059;48265;48193;48441;48435;48133;48031;48081;48099;48259;48235;48143;48353;48385;48019;48137;48417;48431;48429;48253;48491;48027;48209;48035;48091;48425;48335;48453;48151;48363;48221;48105;48383,discovery,ALL,covariate_adjusted
53067,46.935822,-122.830152,292.310510662344,44,420.0,148.10100889632568,2.8359023556281797,173.02902709847746,0.001,53067;53041;53053;53045;53027;53035;53015;53049;53069;53033;53031;41009;41007;53059;53011;53029;53061;53009;41067;41051;53037;53077;53055;41057;41027;53057;41071;53007;53039;41005;53073;41047;41053;41065;41055;53017;53025;41021;53005;41041;41043;41003;41031;53047,discovery,HQ,population
50009,44.724021,-71.732736,207.98793544581932,37,166.0,55.982925834534825,2.9651897882335705,71.55138150894165,0.001,50009;33007;50005;50019;50015;23017;50023;33009;50011;50017;33003;23007;50007;50013;50001;23001;33001;50027;23005;36019;33019;33013;23011;23025;50021;23031;33017;23023;36031;23015;33015;33011;33005;36033;23027;50025;36115,discovery,HQ,population
45051,33.909269,-78.976675,0.0,1,47.0,4.291602505400114,10.951620039567972,69.95438540516417,0.001,45051,discovery,HQ,population
06023,40.706655,-123.926176,293.8459486686743,25,130.0,44.01892353990556,2.953275308564688,55.489247479482756,0.001,06023;06105;06015;06045;06093;06103;06089;06021;41033;41015;06033;41029;06011;06007;06097;06101;06115;06063;41011;06035;06055;06113;06049;41035;41019,discovery,HQ,population
04017,35.390785,-110.321025,291.2388866291526,16,66.0,20.66962425153016,3.1930914271513213,31.485791399463835,0.001,04017;04001;04005;04007;35031;35006;35045;04025;35003;49025;49037;04011;08083;04009;49017;04021,discovery,HQ,population
30081,46.077744,-114.105795,298.6336592765083,48,59.0,19.68442636660967,2.9972933374416546,25.59278487852599,0.001,30081;30039;30023;30063;16049;30093;30077;16059;16035;30061;30001;30043;30047;30049;16061;16085;30057;16079;16037;30007;30089;16069;16057;16003;16009;30031;30099;53003;16033;41063;30029;30059;30013;16015;16055;53023;16023;16087;53075;30073;30067;16045;16051;16025;16043;30053;53013;16013,discovery,HQ,population
42027,40.909128,-77.847877,171.13130496907777,54,186.0,107.61157704492622,1.7284385668128233,23.97552343429527,0.001,42027;42087;42035;42033;42061;42067;42013;42023;42119;42109;42099;42081;42021;42047;42105;42097;42041;42093;42065;42043;42117;42063;42055;42057;42009;42083;42037;42113;42001;42075;42053;42031;42005;42107;42111;42133;24043;42015;36003;42129;54065;36101;42123;42079;24001;36009;54003;24021;36015;24013;42071;42131;42121;42011,discovery,HQ,population
51520,36.616954,-82.157564,0.0,1,9.0,0.3236496964806396,27.80784316458758,21.258462647661243,0.001,51520,discovery,HQ,population
12009,28.298311,-80.700333,207.33525943114705,29,248.0,160.66685211399053,1.5435666830893533,21.051888240473943,0.001,12009;12097;12117;12095;12061;12127;12093;12105;12111;12069;12055;12085;12119;12049;12035;12043;12027;12083;12057;12107;12101;12053;12099;12109;12081;12017;12051;12015;12115,discovery,HQ,population
25001,41.706123,-70.164823,0.0,1,22.0,4.006670786361798,5.490842939950352,19.504397981342315,0.001,25001,discovery,HQ,population
45051,33.909269,-78.976675,0.0,1,47.0,4.469825015505867,10.514953009783724,68.2188195671906,0.001,45051,discovery,HQ,covariate_adjusted
12049,27.492846,-81.82158,226.5173450784621,33,312.0,161.81399133026264,1.92813981927686,56.82533783485198,0.001,12049;12027;12055;12105;12081;12115;12015;12057;12043;12097;12093;12071;12103;12101;12095;12051;12061;12111;12053;12119;12069;12009;12085;12117;12021;12099;12017;12127;12083;12011;12075;12087;12035,discovery,HQ,covariate_adjusted
18089,41.472247,-87.374337,194.5823174482301,73,309.0,194.86801563595682,1.5856886467056714,29.578726260823913,0.001,18089;18127;17197;17031;18091;18073;17091;18111;26021;18149;17043;18131;17097;17063;17093;17075;18181;18141;18099;18007;17089;18049;18017;17105;18015;17053;26027;18171;17037;26159;18039;17099;18157;18085;17111;55059;18103;26005;17183;55101;18169;18023;18045;17007;18067;18183;26149;17103;18087;18113;17155;17019;55127;18107;17113;55079;18159;17203;17123;17141;18069;26077;18011;17201;18053;17011;18165;55133;18121;17147;17039;55105;18057,discovery,HQ,covariate_adjusted
53027,47.113732,-123.826735,125.17690150683858,10,93.0,39.93742697657477,2.328642755442132,25.811573536968893,0.001,53027;53045;53049;53067;53031;53069;53035;53009;41007;53041,discovery,HQ,covariate_adjusted
51520,36.616954,-82.157564,0.0,1,9.0,0.24492678181399527,36.74567531302016,23.688188233987702,0.001,51520,discovery,HQ,covariate_adjusted
42057,39.91075,-78.122617,211.1057955689307,106,362.0,261.66664024466945,1.3834396301397633,18.14438326904113,0.001,42057;42009;42055;54065;24043;54003;42061;24001;42013;54037;42001;42111;42041;54027;24021;51069;51840;42021;42087;51043;42099;54057;42067;51107;24013;24023;51187;42027;42063;24031;54031;42133;42129;51171;42033;42043;24027;54023;42109;42051;51061;51157;51600;24005;51685;51610;51683;51059;54077;51013;51153;24510;51139;11001;42119;42075;51510;42005;54093;42035;42065;42097;51047;42071;24025;24033;51113;54061;24003;51165;42003;42023;54071;42047;51179;42093;51660;54091;42059;42031;51079;54001;42081;42107;42125;51137;24017;24029;54049;51630;42019;24015;42037;42011;54083;51177;51099;24035;42053;42029;42105;54033;24009;42007;51540;51790,discovery,HQ,covariate_adjusted
29229,37.267633,-92.479989,236.20280186450606,104,121.0,69.82616939610799,1.7328746664247685,15.595319599466016,0.001,29229;29225;29067;29105;29215;29169;29059;29153;29043;29091;29077;29213;29029;29167;29161;29065;29203;29209;29085;29131;05005;29125;05089;05049;29149;05009;29109;29057;29055;29039;29141;29179;29015;29009;29051;05065;05015;29035;29185;29151;05135;29135;05129;29073;29181;29221;05137;29093;05101;29097;05121;29011;29145;29083;29217;29159;29071;29053;05087;29119;29223;29027;05075;29187;05141;05007;05063;29123;29019;05023;29023;29013;29101;29219;29099;29139;05115;05071;05021;29089;20021;05143;20037;40115;05055;29186;29195;05067;29017;20011;05029;29007;29037;40041;29207;05031;29183;29107;17133;05047;05145;20107;29189;05045,discovery,HQ,covariate_adjusted
21161,38.594137,-83.828125,147.14898337572666,83,121.0,70.21212564595808,1.723349049566421,15.310625126475621,0.001,21161;21201;21023;21069;21181;39015;21135;39001;21191;21097;21011;21017;21205;39025;21037;21173;39071;21081;21117;21209;21049;21043;39145;21165;21089;21067;21063;39131;21197;21015;21187;21175;39061;39027;21077;39165;21237;21073;21065;21239;21019;21113;21151;39141;18115;18155;21129;21127;39047;21041;21103;39017;39087;39079;18029;21153;21115;21005;39057;21079;21167;21025;21211;21189;54099;21223;21109;39053;39113;39129;18137;39163;54011;18047;18077;21021;21185;21203;21215;39135;21159;21137;39023,discovery,HQ,covariate_adjusted
33009,43.926439,-71.842424,145.56027737301457,28,149.0,93.77171590085901,1.588965271335459,14.05847086967949,0.001,33009;50017;33003;33001;50005;33019;33013;50027;50023;50009;33007;33017;50015;50021;50001;50019;23017;23031;33011;50007;33005;33015;23005;50025;23001;50011;50003;36115,discovery,HQ,covariate_adjusted
04017,35.390785,-110.321025,291.2388866291526,16,66.0,31.864044373283082,2.0713001534525466,14.032075182823185,0.001,04017;04001;04005;04007;35031;35006;35045;04025;35003;49025;49037;04011;08083;04009;49017;04021,discovery,HQ,covariate_adjusted
53061,48.054913,-121.765038,282.90585817187093,34,232.0,72.9711821258001,3.1793372841355243,112.86864047017852,0.001,53061;53057;53033;53029;53035;53073;53007;53055;53053;53045;53037;53031;53067;53009;53017;53047;53041;53027;53077;53025;53015;53049;53059;53069;53019;53039;41009;53043;53011;53005;41007;53001;53021;41027,discovery,HQ_UNEXPLAINED,population
45051,33.909269,-78.976675,0.0,1,37.0,2.921520878837612,12.664636514499675,60.0156421052377,0.001,45051,discovery,HQ_UNEXPLAINED,population
50009,44.724021,-71.732736,212.40432197284645,38,113.0,38.9200143817523,2.903390499592934,47.12124397585218,0.001,50009;33007;50005;50019;50015;23017;50023;33009;50011;50017;33003;23007;50007;50013;50001;23001;33001;50027;23005;36019;33019;33013;23011;23025;50021;23031;33017;23023;36031;23015;33015;33011;33005;36033;23027;50025;36115;36113,discovery,HQ_UNEXPLAINED,population
41029,42.411621,-122.675611,269.61941062555314,21,70.0,22.128270731971057,3.1633741672756917,33.05687321242278,0.001,41029;41033;41035;06093;41019;41015;06015;41011;41039;06049;06089;41037;06105;41017;06023;41043;41003;06035;06103;41041;41013,discovery,HQ_UNEXPLAINED,population
30081,46.077744,-114.105795,298.6336592765083,48,49.0,13.400230460679659,3.656653528741977,28.104060567757173,0.001,30081;30039;30023;30063;16049;30093;30077;16059;16035;30061;30001;30043;30047;30049;16061;16085;30057;16079;16037;30007;30089;16069;16057;16003;16009;30031;30099;53003;16033;41063;30029;30059;30013;16015;16055;53023;16023;16087;53075;30073;30067;16045;16051;16025;16043;30053;53013;16013,discovery,HQ_UNEXPLAINED,population
51520,36.616954,-82.157564,0.0,1,8.0,0.2203254715477172,36.309918884105926,20.965262563470553,0.001,51520,discovery,HQ_UNEXPLAINED,population
04021,32.918521,-111.36634,0.0,1,19.0,3.3303820881273825,5.705051101413826,17.449425941562296,0.001,04021,discovery,HQ_UNEXPLAINED,population
04005,35.829692,-111.773728,220.96688928192387,7,32.0,9.87792951931939,3.239545285012812,15.558426980343992,0.002,04005;04017;04025;49025;04015;04001;49053,discovery,HQ_UNEXPLAINED,population
42035,41.239508,-77.629009,183.8970218661464,60,122.0,73.70287305457882,1.6552950372729154,13.51239254904312,0.002,42035;42027;42081;42023;42119;42105;42117;42087;42109;42033;42067;42093;42047;42097;42061;42113;42099;42013;42083;42037;42015;42043;36101;42065;36003;42021;42041;36015;42107;42075;42079;42053;42063;42131;36009;36097;42055;42031;36107;42057;42123;42009;42001;42005;36123;42133;42025;42115;36109;36051;36121;42069;42011;42071;42121;36007;36069;24043;42111;36099,discovery,HQ_UNEXPLAINED,population
37055,35.606269,-75.767536,0.0,1,7.0,0.4051164981364786,17.278980323437207,13.357450818943931,0.002,37055,discovery,HQ_UNEXPLAINED,population
45051,33.909269,-78.976675,0.0,1,37.0,3.1688117563444407,11.676301038053271,57.25431808487288,0.001,45051,discovery,HQ_UNEXPLAINED,covariate_adjusted
51520,36.616954,-82.157564,0.0,1,8.0,0.1745165993089873,45.84091159051146,22.784238643430278,0.001,51520,discovery,HQ_UNEXPLAINED,covariate_adjusted
12049,27.492846,-81.82158,226.5173450784621,33,181.0,109.22247833556573,1.6571680368203257,20.37187220553831,0.001,12049;12027;12055;12105;12081;12115;12015;12057;12043;12097;12093;12071;12103;12101;12095;12051;12061;12111;12053;12119;12069;12009;12085;12117;12021;12099;12017;12127;12083;12011;12075;12087;12035,discovery,HQ_UNEXPLAINED,covariate_adjusted
18089,41.472247,-87.374337,194.5823174482301,73,204.0,134.48571350902384,1.5168897474474998,16.168972717162504,0.002,18089;18127;17197;17031;18091;18073;17091;18111;26021;18149;17043;18131;17097;17063;17093;17075;18181;18141;18099;18007;17089;18049;18017;17105;18015;17053;26027;18171;17037;26159;18039;17099;18157;18085;17111;55059;18103;26005;17183;55101;18169;18023;18045;17007;18067;18183;26149;17103;18087;18113;17155;17019;55127;18107;17113;55079;18159;17203;17123;17141;18069;26077;18011;17201;18053;17011;18165;55133;18121;17147;17039;55105;18057,discovery,HQ_UNEXPLAINED,covariate_adjusted
53027,47.113732,-123.826735,125.17690150683858,10,60.0,27.29090854993422,2.1985343540402074,14.704892526861464,0.002,53027;53045;53049;53067;53031;53069;53035;53009;41007;53041,discovery,HQ_UNEXPLAINED,covariate_adjusted
29051,38.503233,-92.280027,153.79252662845624,46,49.0,20.603657404414186,2.3782185384960877,14.165080389135298,0.002,29051;29135;29131;29151;29027;29125;29141;29019;29053;29073;29029;29169;29089;29161;29139;29007;29015;29159;29105;29219;29055;29071;29175;29195;29085;29059;29137;29065;29041;29113;29083;29163;29173;29215;29101;29221;29229;29167;29185;29183;29205;29225;29107;29033;29121;29099,discovery,HQ_UNEXPLAINED,covariate_adjusted
39001,38.834468,-83.478082,125.21844887712392,56,83.0,44.09404057873387,1.8823405365130021,13.801251098916865,0.002,39001;21135;39015;39071;21161;39145;39131;21069;21089;21023;21201;39025;39141;21043;21205;39027;21181;21191;39079;21037;21011;39047;21097;21063;21019;39087;39165;21117;21017;21173;39163;39129;21165;39061;39057;21081;39053;21175;21127;21015;21049;39073;21209;39017;54011;21197;39097;54099;21077;21237;21067;39023;21115;39113;21187;39045,discovery,HQ_UNEXPLAINED,covariate_adjusted
42079,41.173078,-75.976053,138.47585017235838,37,136.0,85.28488262295687,1.5946554162623858,13.10886920638638,0.003,42079;42025;42037;42131;42069;42113;42089;42107;42093;42077;42097;42095;42115;42127;42103;42015;42011;34041;42081;42119;42075;42109;34037;42043;36007;34019;36107;36105;42017;42091;34027;42117;36015;42071;34035;42029;42035,discovery,HQ_UNEXPLAINED,covariate_adjusted
37055,35.606269,-75.767536,0.0,1,7.0,0.49669472770404766,14.093163485662979,12.022259925877663,0.01,37055,discovery,HQ_UNEXPLAINED,covariate_adjusted
33009,43.926439,-71.842424,145.56027737301457,28,100.0,60.33607080373747,1.6573833640125863,11.077649953669727,0.028,33009;50017;33003;33001;50005;33019;33013;50027;50023;50009;33007;33017;50015;50021;50001;50019;23017;23031;33011;50007;33005;33015;23005;50025;23001;50011;50003;36115,discovery,HQ_UNEXPLAINED,covariate_adjusted
53041,46.580071,-122.377444,297.65539320386364,48,353.0,110.13236265610975,3.2052340609657923,176.40379408893943,0.001,53041;53015;53067;53053;53059;53069;41009;53011;53045;53049;53033;41051;41007;53035;53027;53077;41067;41027;53037;53039;41005;53031;41057;41071;53061;53029;41065;41055;41047;53007;41053;53009;41021;53057;53055;53005;53025;41043;41031;53017;41003;41041;41049;53073;53021;41069;53047;41039,discovery,EXPLAINED,population
06089,40.760514,-122.043556,261.60709688605203,29,108.0,41.43041071272457,2.6067808197428715,37.49494131523073,0.001,06089;06103;06105;06093;06035;06007;06021;06063;06049;06023;06115;06011;06091;06045;41029;06101;06033;06057;06015;32031;41035;06061;41033;06113;06055;06017;06097;32029;41015,discovery,EXPLAINED,population
30029,48.295422,-114.052059,292.3028781365544,33,57.0,16.895192300442176,3.373740824394654,29.419991383953793,0.001,30029;30047;30035;30089;30053;30073;30063;30099;30061;16079;30101;30049;30077;16017;16021;16055;30039;16035;30051;16009;30013;53051;30081;30023;16057;53063;30015;53065;30043;30093;16061;30007;16049,discovery,EXPLAINED,population
04025,34.631071,-112.577225,287.90974171334756,11,169.0,92.90762880676856,1.8190110130944157,25.798702931062564,0.001,04025;04013;04005;04015;04012;04007;04021;04017;04027;32003;04019,discovery,EXPLAINED,population
37019,34.038754,-78.227765,70.54398204644662,6,30.0,8.371275561455068,3.583683248719326,16.72429707206094,0.001,37019;37129;37047;37141;37017;45051,discovery,EXPLAINED,population
12097,28.059027,-81.139312,213.1537576825228,32,196.0,133.0996637973542,1.472580729418012,13.492762154132706,0.006,12097;12009;12095;12105;12061;12117;12093;12055;12049;12069;12111;12127;12119;12027;12057;12043;12085;12101;12081;12053;12015;12083;12115;12035;12103;12017;12051;12099;12107;12071;12109;12075,discovery,EXPLAINED,population
08103,39.972622,-108.200716,295.6243378395271,47,79.0,41.88889012528557,1.8859415888966915,13.190923738877068,0.006,08103;08045;08081;08077;49047;08107;08029;08037;08097;49009;49019;08085;08051;08057;08049;08065;08117;49013;56037;08091;49007;08015;08019;08113;56007;08047;08093;08013;49015;08069;56041;08111;08033;08053;49043;49051;08059;08014;08109;56001;08031;08119;08079;08035;08043;08083;49049,discovery,EXPLAINED,population
16025,43.502552,-114.772135,154.7860446626761,14,25.0,7.397299177976864,3.379611855422808,12.881891287259208,0.007,16025;16039;16047;16013;16063;16015;16037;16053;16067;16001;16083;16023;16045;16073,discovery,EXPLAINED,population
23017,44.4945,-70.734421,191.8887838593541,30,63.0,31.663420048351046,1.9896776754942138,12.135250412476875,0.016,23017;33007;23001;23007;23011;33003;23005;50009;23023;33009;50005;23015;23031;33001;50019;23027;23025;33017;50017;23013;50015;50023;33013;33015;33019;50011;50027;50007;23009;23019,discovery,EXPLAINED,population
35049,35.514531,-105.963972,239.51581811155427,25,43.0,18.316559441534526,2.3476024597989427,12.09257893014912,0.016,35049;35028;35001;35043;35047;35057;35033;35061;35055;35039;35019;35007;08021;35053;35011;35021;35006;08023;35027;35031;08007;08105;35037;08003;35045,discovery,EXPLAINED,population
12097,28.059027,-81.139312,213.1537576825228,32,196.0,103.66995954531653,1.8906151874625154,33.65561213662859,0.001,12097;12009;12095;12105;12061;12117;12093;12055;12049;12069;12111;12127;12119;12027;12057;12043;12085;12101;12081;12053;12015;12083;12115;12035;12103;12017;12051;12099;12107;12071;12109;12075,discovery,EXPLAINED,covariate_adjusted
37019,34.038754,-78.227765,70.54398204644662,6,30.0,7.675139674197499,3.9087236550045916,18.636755282802213,0.001,37019;37129;37047;37141;37017;45051,discovery,EXPLAINED,covariate_adjusted
53077,46.456558,-120.740145,168.06062061345085,21,222.0,145.89645549506926,1.5216270967426124,17.878747135890606,0.001,53077;53039;53037;53005;53059;41055;41021;53041;53053;41027;53025;53021;53033;41049;41065;53015;53011;53007;53017;41051;53067,discovery,EXPLAINED,covariate_adjusted
04005,35.829692,-111.773728,178.69466865002295,5,33.0,13.232788427793649,2.493805457562372,10.439762490107661,0.051,04005;04017;04025;49025;04015,discovery,EXPLAINED,covariate_adjusted
21031,37.207013,-86.682471,193.47550491469156,116,80.0,46.27737673604126,1.7287064575052984,10.217895944599903,0.057,21031;21227;21183;21177;21085;21061;21141;21213;21219;21149;21003;21027;21059;21091;21009;21099;21107;47147;21047;21093;47165;18147;21163;21123;21233;47111;21169;18123;47125;21087;47169;21101;21171;21033;18173;47021;21221;47037;18061;18163;21029;21217;18025;47189;21225;21057;47159;21001;47027;21143;21179;21055;47161;47087;21155;18037;47043;47083;18129;18043;18125;21111;17069;21229;21207;18051;47187;21053;21139;17059;18117;21215;21157;47149;21045;21035;47041;47133;47141;47137;18175;47085;17193;18019;47015;17151;21021;18101;18027;21231;21185;17185;47081;21211;21167;21005;47079;17165;47005;18083;17127;47185;17047;47119;21145;21137;47049;18093;21083;18143;21199;47177;47003;17065;17101;47117,discovery,EXPLAINED,covariate_adjusted
29085,37.93691,-93.322988,250.4604291920223,120,85.0,52.13776708722265,1.6302961317426818,8.825777801875653,0.203,29085;29167;29059;29015;29185;29029;29039;29083;29141;29105;29057;29077;29225;29131;29159;29217;29013;29169;29101;29135;29011;29109;29229;29043;29053;29051;29037;29097;29125;29067;29107;29209;29195;20011;29161;20107;29215;29151;20037;29089;29009;29145;29213;29019;29095;20121;29027;20021;29153;29177;29065;29033;20091;29073;29119;20001;20003;29055;29041;05015;40115;20133;29047;29091;20209;29175;05009;20059;29203;29007;20099;05089;05007;29139;29025;20045;29165;29071;20103;05005;29117;29137;29049;29219;40035;29221;20031;20207;29115;40041;29179;05087;20205;05049;29149;29121;20139;05101;20125;20087;29021;05143;29061;29205;29093;05129;29063;29035;29173;40105;05065;29113;29079;29163;20177;29099;20005;40097;29183;29187,discovery,EXPLAINED,covariate_adjusted
48209,30.061225,-98.029267,69.28519572991759,8,25.0,9.548143073882573,2.618310157959774,8.642644785158014,0.232,48209;48091;48453;48031;48055;48187;48259;48021,discovery,EXPLAINED,covariate_adjusted
42055,39.926772,-77.724521,57.96398012308138,6,25.0,9.602522975255262,2.603482445647096,8.55482572662102,0.252,42055;42057;24043;42001;42041;24021,discovery,EXPLAINED,covariate_adjusted
26093,42.602532,-83.911718,39.354493878851265,3,21.0,7.973606161892095,2.6336891456169953,7.331915529747027,0.581,26093;26065;26161,discovery,EXPLAINED,covariate_adjusted
42023,41.438291,-78.198323,52.41834360044845,5,8.0,1.4747094592823986,5.424797372556926,7.008114910624246,0.672,42023;42047;42105;42083;42035,discovery,EXPLAINED,covariate_adjusted
